Workbook

Sheet Summary
A1: Lead Reports — Test Cases
A3: Page | B3: https://qa-crm.asquareab.com/reports/leads
A4: Build | B4: v1.0 0510-44
A5: Explored on | B5: 13-Oct-2026 (CRM Administrator, QA data)
A6: Scope | B6: Header filters and views, 5 tabs, every KPI card, chart, table, count link, drill-down list and export
A7: How to use | B7: Fill "Status" (Pass / Fail / Blocked / Not Applicable) and "Remarks" on the Test Cases sheet; counts below update automatically.
A8: Note | B8: "Observed" values were read from QA on the exploration date; data changes over time, so re-read figures when executing. Drill-down links were executed on 13-Oct-2026 (Status = Pass on those test cases).
A10: By tab | B10: Test cases | C10: High | D10: Pass | E10: Fail
A11: General | B11: =COUNTIF('Test Cases'!$B$2:$B$167,A11) | C11: =COUNTIFS('Test Cases'!$B$2:$B$167,A11,'Test Cases'!$K$2:$K$167,"High") | D11: =COUNTIFS('Test Cases'!$B$2:$B$167,A11,'Test Cases'!$L$2:$L$167,"Pass") | E11: =COUNTIFS('Test Cases'!$B$2:$B$167,A11,'Test Cases'!$L$2:$L$167,"Fail")
A12: Tabs | B12: =COUNTIF('Test Cases'!$B$2:$B$167,A12) | C12: =COUNTIFS('Test Cases'!$B$2:$B$167,A12,'Test Cases'!$K$2:$K$167,"High") | D12: =COUNTIFS('Test Cases'!$B$2:$B$167,A12,'Test Cases'!$L$2:$L$167,"Pass") | E12: =COUNTIFS('Test Cases'!$B$2:$B$167,A12,'Test Cases'!$L$2:$L$167,"Fail")
A13: Filters | B13: =COUNTIF('Test Cases'!$B$2:$B$167,A13) | C13: =COUNTIFS('Test Cases'!$B$2:$B$167,A13,'Test Cases'!$K$2:$K$167,"High") | D13: =COUNTIFS('Test Cases'!$B$2:$B$167,A13,'Test Cases'!$L$2:$L$167,"Pass") | E13: =COUNTIFS('Test Cases'!$B$2:$B$167,A13,'Test Cases'!$L$2:$L$167,"Fail")
A14: Views | B14: =COUNTIF('Test Cases'!$B$2:$B$167,A14) | C14: =COUNTIFS('Test Cases'!$B$2:$B$167,A14,'Test Cases'!$K$2:$K$167,"High") | D14: =COUNTIFS('Test Cases'!$B$2:$B$167,A14,'Test Cases'!$L$2:$L$167,"Pass") | E14: =COUNTIFS('Test Cases'!$B$2:$B$167,A14,'Test Cases'!$L$2:$L$167,"Fail")
A15: Overview & Funnel | B15: =COUNTIF('Test Cases'!$B$2:$B$167,A15) | C15: =COUNTIFS('Test Cases'!$B$2:$B$167,A15,'Test Cases'!$K$2:$K$167,"High") | D15: =COUNTIFS('Test Cases'!$B$2:$B$167,A15,'Test Cases'!$L$2:$L$167,"Pass") | E15: =COUNTIFS('Test Cases'!$B$2:$B$167,A15,'Test Cases'!$L$2:$L$167,"Fail")
A16: Drill-down list | B16: =COUNTIF('Test Cases'!$B$2:$B$167,A16) | C16: =COUNTIFS('Test Cases'!$B$2:$B$167,A16,'Test Cases'!$K$2:$K$167,"High") | D16: =COUNTIFS('Test Cases'!$B$2:$B$167,A16,'Test Cases'!$L$2:$L$167,"Pass") | E16: =COUNTIFS('Test Cases'!$B$2:$B$167,A16,'Test Cases'!$L$2:$L$167,"Fail")
A17: Source & Channel | B17: =COUNTIF('Test Cases'!$B$2:$B$167,A17) | C17: =COUNTIFS('Test Cases'!$B$2:$B$167,A17,'Test Cases'!$K$2:$K$167,"High") | D17: =COUNTIFS('Test Cases'!$B$2:$B$167,A17,'Test Cases'!$L$2:$L$167,"Pass") | E17: =COUNTIFS('Test Cases'!$B$2:$B$167,A17,'Test Cases'!$L$2:$L$167,"Fail")
A18: Aging & Follow-up | B18: =COUNTIF('Test Cases'!$B$2:$B$167,A18) | C18: =COUNTIFS('Test Cases'!$B$2:$B$167,A18,'Test Cases'!$K$2:$K$167,"High") | D18: =COUNTIFS('Test Cases'!$B$2:$B$167,A18,'Test Cases'!$L$2:$L$167,"Pass") | E18: =COUNTIFS('Test Cases'!$B$2:$B$167,A18,'Test Cases'!$L$2:$L$167,"Fail")
A19: Qualification & Conversion | B19: =COUNTIF('Test Cases'!$B$2:$B$167,A19) | C19: =COUNTIFS('Test Cases'!$B$2:$B$167,A19,'Test Cases'!$K$2:$K$167,"High") | D19: =COUNTIFS('Test Cases'!$B$2:$B$167,A19,'Test Cases'!$L$2:$L$167,"Pass") | E19: =COUNTIFS('Test Cases'!$B$2:$B$167,A19,'Test Cases'!$L$2:$L$167,"Fail")
A20: Salesperson Scorecard | B20: =COUNTIF('Test Cases'!$B$2:$B$167,A20) | C20: =COUNTIFS('Test Cases'!$B$2:$B$167,A20,'Test Cases'!$K$2:$K$167,"High") | D20: =COUNTIFS('Test Cases'!$B$2:$B$167,A20,'Test Cases'!$L$2:$L$167,"Pass") | E20: =COUNTIFS('Test Cases'!$B$2:$B$167,A20,'Test Cases'!$L$2:$L$167,"Fail")
A21: Cross-page & non-functional | B21: =COUNTIF('Test Cases'!$B$2:$B$167,A21) | C21: =COUNTIFS('Test Cases'!$B$2:$B$167,A21,'Test Cases'!$K$2:$K$167,"High") | D21: =COUNTIFS('Test Cases'!$B$2:$B$167,A21,'Test Cases'!$L$2:$L$167,"Pass") | E21: =COUNTIFS('Test Cases'!$B$2:$B$167,A21,'Test Cases'!$L$2:$L$167,"Fail")
A22: Total | B22: =SUM(B11:B21) | C22: =SUM(C11:C21) | D22: =SUM(D11:D21) | E22: =SUM(E11:E21)
A24: By type | B24: Test cases
A25: Navigation | B25: =COUNTIF('Test Cases'!$J$2:$J$167,A25)
A26: Security | B26: =COUNTIF('Test Cases'!$J$2:$J$167,A26)
A27: Non-functional | B27: =COUNTIF('Test Cases'!$J$2:$J$167,A27)
A28: UI | B28: =COUNTIF('Test Cases'!$J$2:$J$167,A28)
A29: Negative | B29: =COUNTIF('Test Cases'!$J$2:$J$167,A29)
A30: Functional | B30: =COUNTIF('Test Cases'!$J$2:$J$167,A30)
A31: Accessibility | B31: =COUNTIF('Test Cases'!$J$2:$J$167,A31)
A32: Data | B32: =COUNTIF('Test Cases'!$J$2:$J$167,A32)
A34: By priority | B34: Test cases
A35: High | B35: =COUNTIF('Test Cases'!$K$2:$K$167,A35)
A36: Medium | B36: =COUNTIF('Test Cases'!$K$2:$K$167,A36)
A37: Low | B37: =COUNTIF('Test Cases'!$K$2:$K$167,A37)
A39: Execution status | B39: Test cases
A40: Not Started | B40: =COUNTIF('Test Cases'!$L$2:$L$167,A40)
A41: Pass | B41: =COUNTIF('Test Cases'!$L$2:$L$167,A41)
A42: Fail | B42: =COUNTIF('Test Cases'!$L$2:$L$167,A42)
A43: Blocked | B43: =COUNTIF('Test Cases'!$L$2:$L$167,A43)
A44: Not Applicable | B44: =COUNTIF('Test Cases'!$L$2:$L$167,A44)
A46: Observations | B46: =COUNTA(Observations!$A$2:$A$13)
A48: Drill-down verification | B48: Count
A49: Count links checked | B49: =COUNTA('Drill-down Verification'!$N$2:$N$180)
A50: Consistent (Pass) | B50: =COUNTIF('Drill-down Verification'!$N$2:$N$180,"Pass")
A51: Inconsistent (Fail) | B51: =COUNTIF('Drill-down Verification'!$N$2:$N$180,"Fail")

Sheet Test Cases
A1: TC ID | B1: Tab | C1: Component | D1: Test Case | E1: Preconditions | F1: Test Steps | G1: Test Data | H1: Expected Result | I1: Observed (13-Oct-2026, build v1.0 0510-44) | J1: Type | K1: Priority | L1: Status | M1: Remarks
A2: LR-001 | B2: General | C2: Navigation | D2: Open Lead Reports from the Reports & Analytics hub card | E2: Logged in as CRM Administrator | F2: 1. Open /reports-analytics 2. Click the "Lead Reports" card (LIVE) | H2: URL is /reports/leads; heading "Lead Reports"; intro "Funnel, source, aging, qualification and conversion…"; Overview & Funnel tab is active | I2: As expected | J2: Navigation | K2: High | L2: Not Started
A3: LR-002 | B3: General | C3: Navigation | D3: Open Lead Reports directly by URL | E3: Logged in as CRM Administrator | F3: 1. Enter https://qa-crm.asquareab.com/reports/leads in the browser | H3: Page loads with all KPI cards, Lead Funnel, Data Completeness and 12-Month Trend; no error | I3: As expected | J3: Navigation | K3: High | L3: Not Started
A4: LR-003 | B4: General | C4: Breadcrumb | D4: "REPORTS & ANALYTICS" breadcrumb returns to the hub | E4: Logged in as CRM Administrator; Lead Reports open (https://qa-crm.asquareab.com/reports/leads) | F4: 1. Click "REPORTS & ANALYTICS" above the page heading | H4: Reports & Analytics hub (/reports-analytics) opens | I4: As expected | J4: Navigation | K4: Medium | L4: Not Started
A5: LR-004 | B5: General | C5: Security | D5: Lead Reports requires a login | E5: Not logged in | F5: 1. Log out (or open a private window) 2. Open https://qa-crm.asquareab.com/reports/leads | H5: User is redirected to the login page; no report data is shown | I5: Covered by automated test RA-085 | J5: Security | K5: High | L5: Not Started
A6: LR-005 | B6: General | C6: Page load | D6: Page loads without errors or broken values | E6: Logged in as CRM Administrator; Lead Reports open (https://qa-crm.asquareab.com/reports/leads) | F6: 1. Open Lead Reports with DevTools (Console, Network) open | H6: No JavaScript errors; no failed API calls; no NaN / undefined / blank values | I6: As expected | J6: Non-functional | K6: High | L6: Not Started
A7: LR-006 | B7: General | C7: Help | D7: "How these numbers are calculated" explains every measure | E7: Logged in as CRM Administrator; Lead Reports open (https://qa-crm.asquareab.com/reports/leads) | F7: 1. Click "How these numbers are calculated" | H7: Definitions shown for Leads captured, Contacted, Qualified, Opportunity, Reserved, SPA Signed, Won Value, Lost, Open, Idle days, the "now" figures and the View rules | I7: Expands with all definitions; states that Aging and "now" figures ignore the period | J7: UI | K7: Low | L7: Not Started
A8: LR-007 | B8: Tabs | C8: Tab bar | D8: Overview & Funnel is the default tab | E8: Logged in as CRM Administrator; Lead Reports open (https://qa-crm.asquareab.com/reports/leads) | F8: 1. Open Lead Reports | H8: Tab bar shows 5 tabs; "Overview & Funnel" is highlighted | I8: As expected | J8: UI | K8: Medium | L8: Not Started
A9: LR-008 | B9: Tabs | C9: Tab bar | D9: Open the "Source & Channel" tab | E9: Logged in as CRM Administrator; Lead Reports open (https://qa-crm.asquareab.com/reports/leads) | F9: 1. Click "Source & Channel" | H9: URL becomes ?tab=source; tab is highlighted; its sections load (API /reports/leads/breakdown) | I9: As expected | J9: Navigation | K9: High | L9: Not Started
A10: LR-009 | B10: Tabs | C10: Tab bar | D10: Open the "Aging & Follow-up" tab | E10: Logged in as CRM Administrator; Lead Reports open (https://qa-crm.asquareab.com/reports/leads) | F10: 1. Click "Aging & Follow-up" | H10: URL becomes ?tab=aging; tab is highlighted; its sections load (API /reports/leads/aging) | I10: As expected | J10: Navigation | K10: High | L10: Not Started
A11: LR-010 | B11: Tabs | C11: Tab bar | D11: Open the "Qualification & Conversion" tab | E11: Logged in as CRM Administrator; Lead Reports open (https://qa-crm.asquareab.com/reports/leads) | F11: 1. Click "Qualification & Conversion" | H11: URL becomes ?tab=qualification; tab is highlighted; its sections load (API /reports/leads/qualification) | I11: As expected | J11: Navigation | K11: High | L11: Not Started
A12: LR-011 | B12: Tabs | C12: Tab bar | D12: Open the "Salesperson Scorecard" tab | E12: Logged in as CRM Administrator; Lead Reports open (https://qa-crm.asquareab.com/reports/leads) | F12: 1. Click "Salesperson Scorecard" | H12: URL becomes ?tab=scorecard; tab is highlighted; its sections load (API /reports/leads/scorecard) | I12: As expected | J12: Navigation | K12: High | L12: Not Started
A13: LR-012 | B13: Tabs | C13: Tab URL | D13: A tab opens directly from its URL | E13: Logged in as CRM Administrator; Lead Reports open (https://qa-crm.asquareab.com/reports/leads) | F13: 1. Open https://qa-crm.asquareab.com/reports/leads?tab=aging | H13: Aging & Follow-up tab is active and loaded | I13: As expected | J13: Navigation | K13: Medium | L13: Not Started
... A18: LR-017 | B18: Filters | C18: Period | D18: Default period is "This month" | E18: Logged in as CRM Administrator; Lead Reports open (https://qa-crm.asquareab.com/reports/leads) | F18: 1. Open Lead Reports 2. Read the Period dropdown | H18: "This month" is selected (same period as the hub and dashboard) | I18: "Last 12 months" is selected (see Observations OBS-01) | J18: Functional | K18: High | L18: Not Started
A19: LR-018 | B19: Filters | C19: Period | D19: Each period reloads the report | E19: Logged in as CRM Administrator; Lead Reports open (https://qa-crm.asquareab.com/reports/leads) | F19: 1. Select each period in turn (except Custom dates) | G19: This month, Last month, This quarter, Last quarter, Year to date, Last 12 months | H19: KPIs, funnel and tables reload for that period (API ?period=<value>); values are valid | I19: This month → Leads Captured 16, Contact Rate 50%, SPA Signed 1, Won Value 1.23M USD | J19: Functional | K19: High | L19: Not Started
A20: LR-019 | B20: Filters | C20: Custom dates | D20: Custom dates shows From and To | E20: Logged in as CRM Administrator; Lead Reports open (https://qa-crm.asquareab.com/reports/leads) | F20: 1. Select Period = Custom dates | H20: From and To date fields appear | I20: As expected (no min/max limits on the fields) | J20: UI | K20: Medium | L20: Not Started
A21: LR-020 | B21: Filters | C21: Custom dates | D21: A valid custom range reloads the report | E21: Logged in as CRM Administrator; Lead Reports open (https://qa-crm.asquareab.com/reports/leads) | F21: 1. Custom dates 2. From = 01-Sep-2026, To = 30-Sep-2026 | G21: 2026-09-01 → 2026-09-30 | H21: Report reloads for that range (API period=custom&from=…&to=…) | I21: As expected | J21: Functional | K21: High | L21: Not Started
A22: LR-021 | B22: Filters | C22: Custom dates | D22: From later than To is rejected with a message | E22: Logged in as CRM Administrator; Lead Reports open (https://qa-crm.asquareab.com/reports/leads) | F22: 1. Custom dates 2. From = 30-Sep-2026, To = 01-Sep-2026 | G22: 2026-09-30 → 2026-09-01 | H22: A validation message is shown and the report is not reloaded with an invalid range | I22: No message; no request sent; the old figures stay on screen (OBS-02) | J22: Negative | K22: Medium | L22: Not Started
A23: LR-022 | B23: Filters | C23: Custom dates | D23: A range with no data shows zeros | E23: Logged in as CRM Administrator; Lead Reports open (https://qa-crm.asquareab.com/reports/leads) | F23: 1. Custom dates 01-Jan-2030 → 31-Jan-2030 | G23: 2030-01-01 → 2030-01-31 | H23: Leads Captured 0, SPA Signed 0, Won Value 0 USD, rates "—"; funnel 0; "now" figures (Open Leads Now) unchanged | I23: As expected (Open Leads Now stays 364 — it is "as of today") | J23: Negative | K23: Medium | L23: Not Started
A24: LR-023 | B24: Filters | C24: Project | D24: "Project" filter narrows the report | E24: Logged in as CRM Administrator; Lead Reports open (https://qa-crm.asquareab.com/reports/leads) | F24: 1. Note Leads Captured 2. Select Project = Palm Exotjca Limited | G24: Project = Palm Exotjca Limited | H24: Dropdown starts with "All projects"; after selecting, every KPI, funnel step and table reloads for that project only; counts ≤ unfiltered | I24: To verify | J24: Functional | K24: Medium | L24: Not Started
A25: LR-024 | B25: Filters | C25: Lead Source | D25: "Lead Source" filter narrows the report | E25: Logged in as CRM Administrator; Lead Reports open (https://qa-crm.asquareab.com/reports/leads) | F25: 1. Note Leads Captured 2. Select Lead Source = Digital Marketing | G25: Lead Source = Digital Marketing | H25: Dropdown starts with "All sources"; after selecting, every KPI, funnel step and table reloads for that lead source only; counts ≤ unfiltered | I25: Digital Marketing → Leads Captured 18, Contact Rate 77.8%, SPA Signed 5, Won Value 6.27M USD, Open Leads Now 7 | J25: Functional | K25: High | L25: Not Started
A26: LR-025 | B26: Filters | C26: Capture Channel | D26: "Capture Channel" filter narrows the report | E26: Logged in as CRM Administrator; Lead Reports open (https://qa-crm.asquareab.com/reports/leads) | F26: 1. Note Leads Captured 2. Select Capture Channel = Google Ads | G26: Capture Channel = Google Ads | H26: Dropdown starts with "All channels"; after selecting, every KPI, funnel step and table reloads for that capture channel only; counts ≤ unfiltered | I26: To verify | J26: Functional | K26: Medium | L26: Not Started
A27: LR-026 | B27: Filters | C27: Campaign | D27: "Campaign" filter narrows the report | E27: Logged in as CRM Administrator; Lead Reports open (https://qa-crm.asquareab.com/reports/leads) | F27: 1. Note Leads Captured 2. Select Campaign = Palm Exotica Campaign 2026-06 | G27: Campaign = Palm Exotica Campaign 2026-06 | H27: Dropdown starts with "All campaigns"; after selecting, every KPI, funnel step and table reloads for that campaign only; counts ≤ unfiltered | I27: To verify | J27: Functional | K27: Medium | L27: Not Started
A28: LR-027 | B28: Filters | C28: Broker | D28: "Broker" filter narrows the report | E28: Logged in as CRM Administrator; Lead Reports open (https://qa-crm.asquareab.com/reports/leads) | F28: 1. Note Leads Captured 2. Select Broker = Palm Exotica Broker 1 | G28: Broker = Palm Exotica Broker 1 | H28: Dropdown starts with "All brokers"; after selecting, every KPI, funnel step and table reloads for that broker only; counts ≤ unfiltered | I28: To verify | J28: Functional | K28: Medium | L28: Not Started
A29: LR-028 | B29: Filters | C29: Salesperson | D29: "Salesperson" filter narrows the report | E29: Logged in as CRM Administrator; Lead Reports open (https://qa-crm.asquareab.com/reports/leads) | F29: 1. Note Leads Captured 2. Select Salesperson = Mahalakshmi | G29: Salesperson = Mahalakshmi | H29: Dropdown starts with "All salespeople"; after selecting, every KPI, funnel step and table reloads for that salesperson only; counts ≤ unfiltered | I29: Options list "Mahalakshmi" twice (OBS-06) | J29: Functional | K29: High | L29: Not Started
A30: LR-029 | B30: Filters | C30: Prospect Type | D30: "Prospect Type" filter narrows the report | E30: Logged in as CRM Administrator; Lead Reports open (https://qa-crm.asquareab.com/reports/leads) | F30: 1. Note Leads Captured 2. Select Prospect Type = Individual (Person) | G30: Prospect Type = Individual (Person) | H30: Dropdown starts with "All types"; after selecting, every KPI, funnel step and table reloads for that prospect type only; counts ≤ unfiltered | I30: To verify | J30: Functional | K30: Medium | L30: Not Started
A31: LR-030 | B31: Filters | C31: Nationality | D31: "Nationality" filter narrows the report | E31: Logged in as CRM Administrator; Lead Reports open (https://qa-crm.asquareab.com/reports/leads) | F31: 1. Note Leads Captured 2. Select Nationality = India | G31: Nationality = India | H31: Dropdown starts with "All nationalities"; after selecting, every KPI, funnel step and table reloads for that nationality only; counts ≤ unfiltered | I31: To verify | J31: Functional | K31: Medium | L31: Not Started
A32: LR-031 | B32: Filters | C32: Filters | D32: Several filters combine (AND) | E32: Logged in as CRM Administrator; Lead Reports open (https://qa-crm.asquareab.com/reports/leads) | F32: 1. Lead Source = Digital Marketing 2. Project = Palm Exotjca Limited | G32: Digital Marketing + Palm Exotjca Limited | H32: Results match both filters; counts ≤ either filter alone | I32: To verify | J32: Functional | K32: Medium | L32: Not Started
A33: LR-032 | B33: Filters | C33: Filters | D33: Filters apply to every tab | E33: Logged in as CRM Administrator; Lead Reports open (https://qa-crm.asquareab.com/reports/leads) | F33: 1. Lead Source = Digital Marketing on Overview 2. Open Source & Channel | H33: The filter stays selected and the Source & Channel table shows only Digital Marketing (18 leads) | I33: As expected | J33: Functional | K33: High | L33: Not Started
A34: LR-033 | B34: Filters | C34: Filters | D34: Filters after a page reload | E34: Logged in as CRM Administrator; Lead Reports open (https://qa-crm.asquareab.com/reports/leads) | F34: 1. Select Lead Source = Digital Marketing 2. Press F5 | H34: Agreed behaviour: filters reset to defaults and the figures match the defaults (filters are not kept in the URL) | I34: Filters reset to defaults; tab is kept (OBS-05) | J34: Functional | K34: Low | L34: Not Started
A35: LR-034 | B35: Filters | C35: Reset filters | D35: Reset filters restores the defaults | E35: Logged in as CRM Administrator; Lead Reports open (https://qa-crm.asquareab.com/reports/leads) | F35: 1. Change Lead Source and Project 2. Click Reset filters | H35: Reset is disabled until a filter changes; after Reset every dropdown returns to its default and the KPIs return to the original values | I35: As expected (Leads Captured back to 613) | J35: Functional | K35: High | L35: Not Started
A36: LR-035 | B36: Filters | C36: Filters | D36: Drill-down lists respect the filters | E36: Logged in as CRM Administrator; Lead Reports open (https://qa-crm.asquareab.com/reports/leads) | F36: 1. Lead Source = Digital Marketing 2. Click the Leads Captured count | H36: Drill-down lists 18 leads, all with Source = Digital Marketing | I36: Clicked 18 = header 18 = 18 rows; export 18 rows; no duplicates (verification #179); all 18 rows Source = Digital Marketing | J36: Functional | K36: High | L36: Pass | M36: Executed 13-Oct-2026 (scripted check, see Drill-down Verification)
A37: LR-036 | B37: Views | C37: View | D37: View buttons All / You and your team / Mine | E37: Logged in as CRM Administrator; Lead Reports open (https://qa-crm.asquareab.com/reports/leads) | F37: 1. Look at the view buttons | H37: Three buttons; "All" active for a user with the Reports approve right | I37: As expected (Admin opens on All) | J37: UI | K37: Medium | L37: Not Started
A38: LR-037 | B38: Views | C38: View | D38: "You and your team" shows the user's reporting line | E38: Logged in as CRM Administrator; Lead Reports open (https://qa-crm.asquareab.com/reports/leads) | F38: 1. Click "You and your team" | H38: Report reloads with view=team; counts ≤ All | I38: Leads Captured 597 (All 613) | J38: Functional | K38: High | L38: Not Started
A39: LR-038 | B39: Views | C39: View | D39: "Mine" shows only the user's own leads | E39: Logged in as CRM Administrator; Lead Reports open (https://qa-crm.asquareab.com/reports/leads) | F39: 1. Click "Mine" | H39: Report reloads with view=self; counts ≤ You and your team | I39: Leads Captured 597 (same as team for Admin) | J39: Functional | K39: High | L39: Not Started
A40: LR-039 | B40: Views | C40: View | D40: "All" restores every salesperson | E40: Logged in as CRM Administrator; Lead Reports open (https://qa-crm.asquareab.com/reports/leads) | F40: 1. Click Mine 2. Click All | H40: Figures return to the All values | I40: As expected | J40: Functional | K40: Medium | L40: Not Started
A41: LR-040 | B41: Views | C41: View | D41: Default view depends on the role | E41: Manager and salesperson test accounts | F41: 1. Log in as a manager → open Lead Reports 2. Log in as a salesperson → open Lead Reports | H41: Manager opens on "You and your team"; salesperson opens on "Mine" (per the help text) | I41: Needs manager and salesperson accounts | J41: Security | K41: Medium | L41: Not Started
A42: LR-041 | B42: Views | C42: View | D42: Salesperson's Mine view shows a team average on the scorecard | E42: Salesperson test account | F42: 1. Log in as a salesperson 2. Salesperson Scorecard tab | H42: A team-average row is shown next to the user's own row | I42: Needs a salesperson account | J42: Functional | K42: Low | L42: Not Started
A43: LR-042 | B43: Overview & Funnel | C43: KPI cards | D43: All 8 KPI cards are shown | E43: Logged in as CRM Administrator; Lead Reports open (https://qa-crm.asquareab.com/reports/leads) | F43: 1. Open Overview & Funnel | H43: Leads Captured, Contact Rate, Qualification Rate, Opportunity Conversion, SPA Signed, Won Value, Avg Time to First Contact, Open Leads Now — each with a value and a subtitle | I43: As expected | J43: UI | K43: High | L43: Not Started
A44: LR-043 | B44: Overview & Funnel | C44: Leads Captured | D44: Leads Captured count opens its leads | E44: Logged in as CRM Administrator; Lead Reports open (https://qa-crm.asquareab.com/reports/leads) | F44: 1. Click the Leads Captured value (613) | G44: Last 12 months | H44: Drill-down "Leads captured" opens with 613 leads | I44: Clicked 613 = header 613; 500 rows shown + "showing the first 500"; export 613 rows; no duplicates (verification #1) | J44: Functional | K44: High | L44: Pass | M44: Executed 13-Oct-2026 (scripted check, see Drill-down Verification)
A45: LR-044 | B45: Overview & Funnel | C45: Contact Rate | D45: Contact Rate = Contacted ÷ Leads Captured | E45: Logged in as CRM Administrator; Lead Reports open (https://qa-crm.asquareab.com/reports/leads) | F45: 1. Read Contact Rate and its subtitle | H45: Subtitle "N contacted"; rate = N ÷ Leads Captured | I45: 52.5% = 322 ÷ 613 | J45: Functional | K45: High | L45: Not Started
A46: LR-045 | B46: Overview & Funnel | C46: Qualification Rate | D46: Qualification Rate = Qualified ÷ Leads Captured | E46: Logged in as CRM Administrator; Lead Reports open (https://qa-crm.asquareab.com/reports/leads) | F46: 1. Read Qualification Rate | H46: Subtitle "N qualified"; rate = N ÷ Leads Captured | I46: 40.6% = 249 ÷ 613 | J46: Functional | K46: High | L46: Not Started
A47: LR-046 | B47: Overview & Funnel | C47: Opportunity Conversion | D47: Opportunity Conversion = Converted ÷ Leads Captured | E47: Logged in as CRM Administrator; Lead Reports open (https://qa-crm.asquareab.com/reports/leads) | F47: 1. Read Opportunity Conversion | H47: Subtitle "N converted to opportunity"; rate = N ÷ Leads Captured | I47: 19.7% = 121 ÷ 613 | J47: Functional | K47: High | L47: Not Started
A48: LR-047 | B48: Overview & Funnel | C48: SPA Signed | D48: SPA Signed count opens its leads; Win rate is correct | E48: Logged in as CRM Administrator; Lead Reports open (https://qa-crm.asquareab.com/reports/leads) | F48: 1. Read SPA Signed and subtitle 2. Click the value | H48: Win rate = SPA Signed ÷ Leads Captured; drill-down "Leads with a signed SPA" lists the same number of leads | I48: Win rate 12.4% (76 ÷ 613); Clicked 76 = header 76 = 76 rows; export 76 rows; no duplicates (verification #2) | J48: Functional | K48: High | L48: Pass | M48: Executed 13-Oct-2026 (scripted check, see Drill-down Verification)
A49: LR-048 | B49: Overview & Funnel | C49: Won Value | D49: Won Value is shown in base currency | E49: Logged in as CRM Administrator; Lead Reports open (https://qa-crm.asquareab.com/reports/leads) | F49: 1. Read Won Value | H49: Contract value of signed SPAs in base currency, e.g. "148.48M USD"; equals Sales Reports "Won value" for the same period | I49: 148.48M USD | J49: Functional | K49: Medium | L49: Not Started
A50: LR-049 | B50: Overview & Funnel | C50: Avg Time to First Contact | D50: Average time to first contact | E50: Logged in as CRM Administrator; Lead Reports open (https://qa-crm.asquareab.com/reports/leads) | F50: 1. Read Avg Time to First Contact | H50: Shown in days ("2.8 d"); equals the average on Qualification & Conversion "Capture → First Contact" | I50: 2.8 d (Qualification tab average 2.8 d) | J50: Functional | K50: Medium | L50: Not Started
A51: LR-050 | B51: Overview & Funnel | C51: Open Leads Now | D51: Open Leads Now count opens today's open leads | E51: Logged in as CRM Administrator; Lead Reports open (https://qa-crm.asquareab.com/reports/leads) | F51: 1. Click the Open Leads Now value | H51: Drill-down "Open leads (today)" with the same count, marked "as of today"; value does not change with the period | I51: Clicked 364 = header 364 = 364 rows; export 364 rows; no duplicates (verification #3); marked "as of today" | J51: Functional | K51: High | L51: Pass | M51: Executed 13-Oct-2026 (scripted check, see Drill-down Verification)
A52: LR-051 | B52: Overview & Funnel | C52: Open Leads Now | D52: "idle over 30 days" link opens those leads | E52: Logged in as CRM Administrator; Lead Reports open (https://qa-crm.asquareab.com/reports/leads) | F52: 1. Click "342" under Open Leads Now | H52: Drill-down "Open leads idle over 30 days" with 342 leads | I52: Clicked 342 = header 342 = 342 rows; export 342 rows; no duplicates (verification #4); every row open with Idle > 30 d | J52: Functional | K52: High | L52: Pass | M52: Executed 13-Oct-2026 (scripted check, see Drill-down Verification)
A53: LR-052 | B53: Overview & Funnel | C53: Open Leads Now | D53: "never contacted" link opens those leads | E53: Logged in as CRM Administrator; Lead Reports open (https://qa-crm.asquareab.com/reports/leads) | F53: 1. Click "163" under Open Leads Now | H53: Drill-down "Open leads never contacted" with 163 leads | I53: Clicked 163 = header 163 = 163 rows; export 163 rows; no duplicates (verification #5); every row open with no First Contact | J53: Functional | K53: High | L53: Pass | M53: Executed 13-Oct-2026 (scripted check, see Drill-down Verification)
A54: LR-053 | B54: Overview & Funnel | C54: KPI cards | D54: Rate, value and time cards are not clickable | E54: Logged in as CRM Administrator; Lead Reports open (https://qa-crm.asquareab.com/reports/leads) | F54: 1. Hover Contact Rate, Qualification Rate, Opportunity Conversion, Won Value, Avg Time | H54: No link cursor; clicking does nothing | I54: As expected (only Leads Captured, SPA Signed and Open Leads Now counts are links) | J54: UI | K54: Low | L54: Not Started
A55: LR-054 | B55: Overview & Funnel | C55: Lead Funnel | D55: Funnel shows 6 steps in order | E55: Logged in as CRM Administrator; Lead Reports open (https://qa-crm.asquareab.com/reports/leads) | F55: 1. Look at Lead Funnel | H55: Captured → Contacted → Qualified → Opportunity → Reserved → SPA Signed, each with a bar, count and % | I55: 613 → 322 → 249 → 121 → 106 → 76 | J55: UI | K55: High | L55: Not Started
A56: LR-055 | B56: Overview & Funnel | C56: Lead Funnel | D56: Funnel counts never increase and rates are correct | E56: Logged in as CRM Administrator; Lead Reports open (https://qa-crm.asquareab.com/reports/leads) | F56: 1. Read each step | H56: Each count ≤ the step above; % = count ÷ Captured; "step %" = count ÷ previous step; bar length = % | I56: Contacted 52.5% · step 52.5%; Qualified 40.6% · step 77.3%; Opportunity 19.7% · step 48.6%; Reserved 17.3% · step 87.6%; SPA 12.4% · step 71.7% | J56: Functional | K56: High | L56: Not Started
A57: LR-056 | B57: Overview & Funnel | C57: Lead Funnel | D57: Funnel agrees with the KPI cards | E57: Logged in as CRM Administrator; Lead Reports open (https://qa-crm.asquareab.com/reports/leads) | F57: 1. Compare funnel counts with the KPI cards | H57: Captured = Leads Captured; Contacted/Qualified/Opportunity % = the three rate cards; SPA Signed = SPA Signed card | I57: As expected | J57: Functional | K57: High | L57: Not Started
A58: LR-057 | B58: Overview & Funnel | C58: Lead Funnel | D58: Funnel "Captured" count opens its leads | E58: Logged in as CRM Administrator; Lead Reports open (https://qa-crm.asquareab.com/reports/leads) | F58: 1. Click the Captured count in the funnel | H58: Drill-down titled "Captured" lists exactly that many leads (bucket=captured) | I58: Clicked 613 = header 613; 500 rows shown + "showing the first 500"; export 613 rows; no duplicates (verification #6) | J58: Functional | K58: High | L58: Pass | M58: Executed 13-Oct-2026 (scripted check, see Drill-down Verification)
A59: LR-058 | B59: Overview & Funnel | C59: Lead Funnel | D59: Funnel "Contacted" count opens its leads | E59: Logged in as CRM Administrator; Lead Reports open (https://qa-crm.asquareab.com/reports/leads) | F59: 1. Click the Contacted count in the funnel | H59: Drill-down titled "Contacted" lists exactly that many leads (bucket=contacted) | I59: Clicked 322 = header 322 = 322 rows; export 322 rows; no duplicates (verification #7); 71 rows have status "Contacted" but no First Contact date; they count as contacted through the status change (page definition) and none of them is in "Never contacted" — consistent, see OBS-13 | J59: Functional | K59: High | L59: Pass | M59: Executed 13-Oct-2026 (scripted check, see Drill-down Verification)
A60: LR-059 | B60: Overview & Funnel | C60: Lead Funnel | D60: Funnel "Qualified" count opens its leads | E60: Logged in as CRM Administrator; Lead Reports open (https://qa-crm.asquareab.com/reports/leads) | F60: 1. Click the Qualified count in the funnel | H60: Drill-down titled "Qualified" lists exactly that many leads (bucket=qualified) | I60: Clicked 249 = header 249 = 249 rows; export 249 rows; no duplicates (verification #8) | J60: Functional | K60: Medium | L60: Pass | M60: Executed 13-Oct-2026 (scripted check, see Drill-down Verification)
A61: LR-060 | B61: Overview & Funnel | C61: Lead Funnel | D61: Funnel "Opportunity" count opens its leads | E61: Logged in as CRM Administrator; Lead Reports open (https://qa-crm.asquareab.com/reports/leads) | F61: 1. Click the Opportunity count in the funnel | H61: Drill-down titled "Opportunity" lists exactly that many leads (bucket=converted) | I61: Clicked 121 = header 121 = 121 rows; export 121 rows; no duplicates (verification #9) | J61: Functional | K61: Medium | L61: Pass | M61: Executed 13-Oct-2026 (scripted check, see Drill-down Verification)
A62: LR-061 | B62: Overview & Funnel | C62: Lead Funnel | D62: Funnel "Reserved" count opens its leads | E62: Logged in as CRM Administrator; Lead Reports open (https://qa-crm.asquareab.com/reports/leads) | F62: 1. Click the Reserved count in the funnel | H62: Drill-down titled "Reserved" lists exactly that many leads (bucket=reserved) | I62: Clicked 106 = header 106 = 106 rows; export 106 rows; no duplicates (verification #10) | J62: Functional | K62: Medium | L62: Pass | M62: Executed 13-Oct-2026 (scripted check, see Drill-down Verification)
A63: LR-062 | B63: Overview & Funnel | C63: Lead Funnel | D63: Funnel "SPA Signed" count opens its leads | E63: Logged in as CRM Administrator; Lead Reports open (https://qa-crm.asquareab.com/reports/leads) | F63: 1. Click the SPA Signed count in the funnel | H63: Drill-down titled "SPA Signed" lists exactly that many leads (bucket=won) | I63: Clicked 76 = header 76 = 76 rows; export 76 rows; no duplicates (verification #11) | J63: Functional | K63: Medium | L63: Pass | M63: Executed 13-Oct-2026 (scripted check, see Drill-down Verification)
A64: LR-063 | B64: Overview & Funnel | C64: Lead Funnel | D64: Funnel with no data | E64: Logged in as CRM Administrator; Lead Reports open (https://qa-crm.asquareab.com/reports/leads) | F64: 1. Custom dates 01-Jan-2000 → 31-Jan-2000 | H64: All steps show 0 and empty bars; no NaN | I64: Covered by automated test LDR-16 | J64: Negative | K64: Medium | L64: Not Started
A65: LR-064 | B65: Overview & Funnel | C65: Data Completeness | D65: Data Completeness rows are correct | E65: Logged in as CRM Administrator; Lead Reports open (https://qa-crm.asquareab.com/reports/leads) | F65: 1. Read the 4 rows | H65: Lead source recorded, Salesperson assigned, First contact recorded, Interaction logged — each "filled / total (x%)" with total = Leads Captured and x = filled ÷ total | I65: 41/613 (6.7%), 611/613 (99.7%), 251/613 (40.9%), 35/613 (5.7%) | J65: Functional | K65: Medium | L65: Not Started
A66: LR-065 | B66: Overview & Funnel | C66: Data Completeness | D66: Data Completeness follows the filters | E66: Logged in as CRM Administrator; Lead Reports open (https://qa-crm.asquareab.com/reports/leads) | F66: 1. Lead Source = Digital Marketing | H66: Totals become 18 and percentages recalculate | I66: To verify | J66: Functional | K66: Medium | L66: Not Started
A67: LR-066 | B67: Overview & Funnel | C67: 12-Month Trend | D67: Trend shows the last 12 months | E67: Logged in as CRM Administrator; Lead Reports open (https://qa-crm.asquareab.com/reports/leads) | F67: 1. Look at 12-Month Trend | H67: 12 columns ending with the current month (label "Mon YY"), each with leads captured and "x opp · y SPA" | I67: Nov 25 … Oct 26 shown | J67: UI | K67: Medium | L67: Not Started
A68: LR-067 | B68: Overview & Funnel | C68: 12-Month Trend | D68: Trend totals match Leads Captured | E68: Logged in as CRM Administrator; Lead Reports open (https://qa-crm.asquareab.com/reports/leads) | F68: 1. Period = Last 12 months 2. Add the 12 monthly values | H68: Sum = Leads Captured; bar heights proportional to the values; opp ≤ captured and SPA ≤ opp per month | I68: To verify (automated LDR-14) | J68: Functional | K68: High | L68: Not Started
A69: LR-068 | B69: Drill-down list | C69: Drill-down | D69: Drill-down list layout | E69: Logged in as CRM Administrator; Lead Reports open (https://qa-crm.asquareab.com/reports/leads) | F69: 1. Click any count (e.g. funnel Contacted) | H69: Panel opens below the report and scrolls into view: title, "N leads", Export, Close; columns Lead, Status, Salesperson, Source, Captured, First Contact, Qualified, Idle, Won Value | I69: As expected | J69: UI | K69: High | L69: Not Started
A70: LR-069 | B70: Drill-down list | C70: Drill-down | D70: Rows listed = the number clicked | E70: Logged in as CRM Administrator; Lead Reports open (https://qa-crm.asquareab.com/reports/leads) | F70: 1. Click funnel Contacted (322) 2. Count the rows | H70: 322 rows, one per lead | I70: All 179 count links checked: rows listed = clicked number in every case (500 + note when above 500) | J70: Functional | K70: High | L70: Pass | M70: Executed 13-Oct-2026 (scripted check, see Drill-down Verification)
A71: LR-070 | B71: Drill-down list | C71: Drill-down | D71: Lists over 500 leads say they are truncated | E71: Logged in as CRM Administrator; Lead Reports open (https://qa-crm.asquareab.com/reports/leads) | F71: 1. Click Leads Captured (613) | H71: Header says "613 leads · showing the first 500" and 500 rows are shown | I71: 9 lists above 500 (e.g. 613, 597, 587, 581, 572, 569, 555): each shows 500 rows and "N leads · showing the first 500" | J71: Functional | K71: Medium | L71: Pass | M71: Executed 13-Oct-2026 (scripted check, see Drill-down Verification)
A72: LR-071 | B72: Drill-down list | C72: Drill-down | D72: Export downloads the listed leads | E72: Logged in as CRM Administrator; Lead Reports open (https://qa-crm.asquareab.com/reports/leads) | F72: 1. Open a drill-down 2. Click Export | H72: lead-report-leads-<date>.xlsx, sheet "Leads", one row per lead, columns Lead No, Name, Status, Salesperson, Source, Channel, Project, Captured, First Contacted, Qualified, Converted, Last Interaction, Days Idle, Won Value (Base) | I72: All 179 exports: lead-report-leads-<date>.xlsx, sheet "Leads", 14 columns, rows = count; listed leads all present in the file | J72: Functional | K72: High | L72: Pass | M72: Executed 13-Oct-2026 (scripted check, see Drill-down Verification)
A73: LR-072 | B73: Drill-down list | C73: Drill-down | D73: Export of a truncated list contains every lead | E73: Logged in as CRM Administrator; Lead Reports open (https://qa-crm.asquareab.com/reports/leads) | F73: 1. Open Leads Captured (613) 2. Click Export | H73: The file has 613 rows (not only the 500 shown) | I73: Leads Captured: 500 shown, export 613 rows; same for all 9 truncated lists (export = full count) | J73: Functional | K73: High | L73: Pass | M73: Executed 13-Oct-2026 (scripted check, see Drill-down Verification)
A74: LR-073 | B74: Drill-down list | C74: Drill-down | D74: Close removes the list | E74: Logged in as CRM Administrator; Lead Reports open (https://qa-crm.asquareab.com/reports/leads) | F74: 1. Open a drill-down 2. Click Close | H74: The list disappears | I74: As expected | J74: UI | K74: Medium | L74: Not Started
A75: LR-074 | B75: Drill-down list | C75: Drill-down | D75: Escape closes the list | E75: Logged in as CRM Administrator; Lead Reports open (https://qa-crm.asquareab.com/reports/leads) | F75: 1. Open a drill-down 2. Press Esc | H75: The list closes (keyboard users) | I75: Does not close (OBS-03) | J75: Accessibility | K75: Low | L75: Not Started
A76: LR-075 | B76: Drill-down list | C76: Drill-down | D76: Opening another count replaces the list | E76: Logged in as CRM Administrator; Lead Reports open (https://qa-crm.asquareab.com/reports/leads) | F76: 1. Open funnel Contacted 2. Click funnel Qualified | H76: Only one list is shown, now for Qualified | I76: As expected | J76: UI | K76: Medium | L76: Not Started
A77: LR-076 | B77: Drill-down list | C77: Drill-down | D77: Switching tab closes the list | E77: Logged in as CRM Administrator; Lead Reports open (https://qa-crm.asquareab.com/reports/leads) | F77: 1. Open a drill-down 2. Click another tab | H77: The list is closed | I77: As expected | J77: UI | K77: Medium | L77: Not Started
A78: LR-077 | B78: Drill-down list | C78: Drill-down | D78: Lead number opens the lead | E78: Logged in as CRM Administrator; Lead Reports open (https://qa-crm.asquareab.com/reports/leads) | F78: 1. Open a drill-down 2. Click a lead number | H78: Leads page opens (/leads?selected=<id>) with the Lead Detail of that lead (number and name match) | I78: Lead Detail opens with Copy link / Close | J78: Navigation | K78: High | L78: Not Started
A79: LR-078 | B79: Drill-down list | C79: Drill-down | D79: Rows match the bucket | E79: Logged in as CRM Administrator; Lead Reports open (https://qa-crm.asquareab.com/reports/leads) | F79: 1. Open Contacted, SPA Signed and Never contacted lists | H79: Contacted rows have a First Contact date; SPA Signed rows have a Won Value; Never contacted rows have no First Contact | I79: Every row fits its bucket in all lists: Lost → Lost/Disqualified; Never contacted → open, no First Contact; Idle > 30 d → open, Idle > 30; SPA → Won Value > 0; Opportunity/Reserved → Converted. 71 rows have status "Contacted" but no First Contact date; they count as contacted through the status change (page definition) and none of them is in "Never contacted" — consistent, see OBS-13 | J79: Functional | K79: High | L79: Pass | M79: Executed 13-Oct-2026 (scripted check, see Drill-down Verification)
A80: LR-079 | B80: Drill-down list | C80: Drill-down | D80: "as of today" lists ignore the period | E80: Logged in as CRM Administrator; Lead Reports open (https://qa-crm.asquareab.com/reports/leads) | F80: 1. Open Open Leads Now list 2. Change period to This month 3. Open it again | H80: Same leads and count (364) in both periods | I80: As expected (value unchanged) | J80: Functional | K80: Medium | L80: Not Started
A81: LR-080 | B81: Source & Channel | C81: Sub-tabs | D81: 8 grouping sub-tabs are shown | E81: Logged in as CRM Administrator; Lead Reports open (https://qa-crm.asquareab.com/reports/leads); Source & Channel tab selected | F81: 1. Open Source & Channel | H81: Lead Source (default), Capture Channel, Campaign, Broker, Salesperson, Project, Nationality, Prospect Type; heading "Performance by Lead Source" | I81: As expected | J81: UI | K81: High | L81: Not Started
A82: LR-081 | B82: Source & Channel | C82: Sub-tabs | D82: Group by Capture Channel | E82: Logged in as CRM Administrator; Lead Reports open (https://qa-crm.asquareab.com/reports/leads); Source & Channel tab selected | F82: 1. Click "Capture Channel" | H82: Heading "Performance by Capture Channel"; one row per capture channel plus Total; data reloads (dimension=channel); Total row unchanged | I82: As expected; Total 613 / 322 / 249 / 121 / 106 / 76 / 128. Drill-down: all 14 "Leads" links in this grouping consistent (clicked = header = rows = export) | J82: Functional | K82: Medium | L82: Pass | M82: Executed 13-Oct-2026 (scripted check, see Drill-down Verification)
A83: LR-082 | B83: Source & Channel | C83: Sub-tabs | D83: Group by Campaign | E83: Logged in as CRM Administrator; Lead Reports open (https://qa-crm.asquareab.com/reports/leads); Source & Channel tab selected | F83: 1. Click "Campaign" | H83: Heading "Performance by Campaign"; one row per campaign plus Total; data reloads (dimension=campaign); Total row unchanged | I83: As expected; Total 613 / 322 / 249 / 121 / 106 / 76 / 128. Drill-down: all 7 "Leads" links in this grouping consistent (clicked = header = rows = export) | J83: Functional | K83: Medium | L83: Pass | M83: Executed 13-Oct-2026 (scripted check, see Drill-down Verification)
A84: LR-083 | B84: Source & Channel | C84: Sub-tabs | D84: Group by Broker | E84: Logged in as CRM Administrator; Lead Reports open (https://qa-crm.asquareab.com/reports/leads); Source & Channel tab selected | F84: 1. Click "Broker" | H84: Heading "Performance by Broker"; one row per broker plus Total; data reloads (dimension=broker); Total row unchanged | I84: As expected; Total 613 / 322 / 249 / 121 / 106 / 76 / 128. Drill-down: all 13 "Leads" links in this grouping consistent (clicked = header = rows = export) | J84: Functional | K84: Medium | L84: Pass | M84: Executed 13-Oct-2026 (scripted check, see Drill-down Verification)
A85: LR-084 | B85: Source & Channel | C85: Sub-tabs | D85: Group by Salesperson | E85: Logged in as CRM Administrator; Lead Reports open (https://qa-crm.asquareab.com/reports/leads); Source & Channel tab selected | F85: 1. Click "Salesperson" | H85: Heading "Performance by Salesperson"; one row per salesperson plus Total; data reloads (dimension=owner); Total row unchanged | I85: As expected; Total 613 / 322 / 249 / 121 / 106 / 76 / 128. Drill-down: all 8 "Leads" links in this grouping consistent (clicked = header = rows = export) | J85: Functional | K85: Medium | L85: Pass | M85: Executed 13-Oct-2026 (scripted check, see Drill-down Verification)
A86: LR-085 | B86: Source & Channel | C86: Sub-tabs | D86: Group by Project | E86: Logged in as CRM Administrator; Lead Reports open (https://qa-crm.asquareab.com/reports/leads); Source & Channel tab selected | F86: 1. Click "Project" | H86: Heading "Performance by Project"; one row per project plus Total; data reloads (dimension=project); Total row unchanged | I86: As expected; Total 613 / 322 / 249 / 121 / 106 / 76 / 128. Drill-down: all 11 "Leads" links in this grouping consistent (clicked = header = rows = export) | J86: Functional | K86: Medium | L86: Pass | M86: Executed 13-Oct-2026 (scripted check, see Drill-down Verification)
A87: LR-086 | B87: Source & Channel | C87: Sub-tabs | D87: Group by Nationality | E87: Logged in as CRM Administrator; Lead Reports open (https://qa-crm.asquareab.com/reports/leads); Source & Channel tab selected | F87: 1. Click "Nationality" | H87: Heading "Performance by Nationality"; one row per nationality plus Total; data reloads (dimension=nationality); Total row unchanged | I87: As expected; Total 613 / 322 / 249 / 121 / 106 / 76 / 128. Drill-down: all 14 "Leads" links in this grouping consistent (clicked = header = rows = export) | J87: Functional | K87: Medium | L87: Pass | M87: Executed 13-Oct-2026 (scripted check, see Drill-down Verification)
A88: LR-087 | B88: Source & Channel | C88: Sub-tabs | D88: Group by Prospect Type | E88: Logged in as CRM Administrator; Lead Reports open (https://qa-crm.asquareab.com/reports/leads); Source & Channel tab selected | F88: 1. Click "Prospect Type" | H88: Heading "Performance by Prospect Type"; one row per prospect type plus Total; data reloads (dimension=prospectType); Total row unchanged | I88: As expected; Total 613 / 322 / 249 / 121 / 106 / 76 / 128. Drill-down: all 3 "Leads" links in this grouping consistent (clicked = header = rows = export) | J88: Functional | K88: Medium | L88: Pass | M88: Executed 13-Oct-2026 (scripted check, see Drill-down Verification)
A89: LR-088 | B89: Source & Channel | C89: Table | D89: Columns and Total row | E89: Logged in as CRM Administrator; Lead Reports open (https://qa-crm.asquareab.com/reports/leads); Source & Channel tab selected | F89: 1. Read the table | H89: Columns: name, Leads, Contacted, Qualified, Opportunity, Reserved, SPA Signed, Lost, Contact %, Qual. %, Conv. %, Win %, Avg First Contact, Won Value, Cost / Lead; Total row equals the Overview KPIs | I89: Total 613, 322, 249, 121, 106, 76, 128, 52.5%, 40.6%, 19.7%, 12.4%, —, 148.48M USD | J89: Functional | K89: High | L89: Not Started
A90: LR-089 | B90: Source & Channel | C90: Table | D90: Rows add up to the Total row | E90: Logged in as CRM Administrator; Lead Reports open (https://qa-crm.asquareab.com/reports/leads); Source & Channel tab selected | F90: 1. Add each count column | H90: Leads, Contacted, Qualified, Opportunity, Reserved, SPA Signed, Lost and Won Value add up to the Total row (in every sub-tab) | I90: To verify | J90: Functional | K90: High | L90: Not Started
A91: LR-090 | B91: Source & Channel | C91: Table | D91: Row percentages are correct | E91: Logged in as CRM Administrator; Lead Reports open (https://qa-crm.asquareab.com/reports/leads); Source & Channel tab selected | F91: 1. For a row, compute Contacted ÷ Leads etc. | H91: Contact % = Contacted ÷ Leads; Qual. % = Qualified ÷ Leads; Conv. % = Opportunity ÷ Leads; Win % = SPA Signed ÷ Leads | I91: Digital Marketing: 14/18 = 77.8%, 13/18 = 72.2%, 11/18 = 61.1%, 5/18 = 27.8% | J91: Functional | K91: High | L91: Not Started
A92: LR-091 | B92: Source & Channel | C92: Table | D92: Leads without a value are grouped as "Unspecified" | E92: Logged in as CRM Administrator; Lead Reports open (https://qa-crm.asquareab.com/reports/leads); Source & Channel tab selected | F92: 1. Lead Source sub-tab | H92: An "Unspecified" row holds leads with no lead source | I92: Unspecified 572 leads (OBS-10) | J92: Functional | K92: Medium | L92: Not Started
A93: LR-092 | B93: Source & Channel | C93: Count links | D93: "Leads" count opens its leads | E93: Logged in as CRM Administrator; Lead Reports open (https://qa-crm.asquareab.com/reports/leads); Source & Channel tab selected | F93: 1. Click the Leads count of the Digital Marketing row | H93: Drill-down "Leads · Lead Source: Digital Marketing" with the same number of leads (bucket=captured) | I93: Digital Marketing: Clicked 18 = header 18 = 18 rows; export 18 rows; no duplicates (verification #19). All 9 "Leads" links in the Lead Source table consistent; every row belongs to its lead source | J93: Functional | K93: High | L93: Pass | M93: Executed 13-Oct-2026 (scripted check, see Drill-down Verification)
A94: LR-093 | B94: Source & Channel | C94: Count links | D94: "Contacted" count opens its leads | E94: Logged in as CRM Administrator; Lead Reports open (https://qa-crm.asquareab.com/reports/leads); Source & Channel tab selected | F94: 1. Click the Contacted count of the Digital Marketing row | H94: Drill-down "Contacted · Lead Source: Digital Marketing" with the same number of leads (bucket=contacted) | I94: Digital Marketing: Clicked 14 = header 14 = 14 rows; export 14 rows; no duplicates (verification #20). All 9 "Contacted" links in the Lead Source table consistent; every row belongs to its lead source | J94: Functional | K94: Medium | L94: Pass | M94: Executed 13-Oct-2026 (scripted check, see Drill-down Verification)
A95: LR-094 | B95: Source & Channel | C95: Count links | D95: "Qualified" count opens its leads | E95: Logged in as CRM Administrator; Lead Reports open (https://qa-crm.asquareab.com/reports/leads); Source & Channel tab selected | F95: 1. Click the Qualified count of the Digital Marketing row | H95: Drill-down "Qualified · Lead Source: Digital Marketing" with the same number of leads (bucket=qualified) | I95: Digital Marketing: Clicked 13 = header 13 = 13 rows; export 13 rows; no duplicates (verification #21). All 9 "Qualified" links in the Lead Source table consistent; every row belongs to its lead source | J95: Functional | K95: Medium | L95: Pass | M95: Executed 13-Oct-2026 (scripted check, see Drill-down Verification)
A96: LR-095 | B96: Source & Channel | C96: Count links | D96: "Opportunity" count opens its leads | E96: Logged in as CRM Administrator; Lead Reports open (https://qa-crm.asquareab.com/reports/leads); Source & Channel tab selected | F96: 1. Click the Opportunity count of the Digital Marketing row | H96: Drill-down "Opportunity · Lead Source: Digital Marketing" with the same number of leads (bucket=converted) | I96: Digital Marketing: Clicked 11 = header 11 = 11 rows; export 11 rows; no duplicates (verification #22). All 9 "Opportunity" links in the Lead Source table consistent; every row belongs to its lead source | J96: Functional | K96: Medium | L96: Pass | M96: Executed 13-Oct-2026 (scripted check, see Drill-down Verification)
A97: LR-096 | B97: Source & Channel | C97: Count links | D97: "Reserved" count opens its leads | E97: Logged in as CRM Administrator; Lead Reports open (https://qa-crm.asquareab.com/reports/leads); Source & Channel tab selected | F97: 1. Click the Reserved count of the Digital Marketing row | H97: Drill-down "Reserved · Lead Source: Digital Marketing" with the same number of leads (bucket=reserved) | I97: Digital Marketing: Clicked 7 = header 7 = 7 rows; export 7 rows; no duplicates (verification #23). All 8 "Reserved" links in the Lead Source table consistent; every row belongs to its lead source | J97: Functional | K97: Medium | L97: Pass | M97: Executed 13-Oct-2026 (scripted check, see Drill-down Verification)
A98: LR-097 | B98: Source & Channel | C98: Count links | D98: "SPA Signed" count opens its leads | E98: Logged in as CRM Administrator; Lead Reports open (https://qa-crm.asquareab.com/reports/leads); Source & Channel tab selected | F98: 1. Click the SPA Signed count of the Digital Marketing row | H98: Drill-down "SPA Signed · Lead Source: Digital Marketing" with the same number of leads (bucket=won) | I98: Digital Marketing: Clicked 5 = header 5 = 5 rows; export 5 rows; no duplicates (verification #24). All 5 "SPA Signed" links in the Lead Source table consistent; every row belongs to its lead source | J98: Functional | K98: Medium | L98: Pass | M98: Executed 13-Oct-2026 (scripted check, see Drill-down Verification)
A99: LR-098 | B99: Source & Channel | C99: Count links | D99: "Lost" count opens the lost leads of that row | E99: Logged in as CRM Administrator; Lead Reports open (https://qa-crm.asquareab.com/reports/leads); Source & Channel tab selected | F99: 1. Click the Lost count of a row | H99: Drill-down with the lost/disqualified leads of that row | I99: Clickable when the count is above 0 (zero counts are plain text). Unspecified › Lost: Clicked 128 = header 128 = 128 rows; export 128 rows; no duplicates (verification #18); every row Lost/Disqualified. 1 Lost link(s) checked | J99: Functional | K99: Low | L99: Pass | M99: Executed 13-Oct-2026. Corrects the first exploration, which only tried a row with Lost = 0 (OBS-04 updated)
A100: LR-099 | B100: Source & Channel | C100: Table | D100: Values without data show "—" | E100: Logged in as CRM Administrator; Lead Reports open (https://qa-crm.asquareab.com/reports/leads); Source & Channel tab selected | F100: 1. Look at Avg First Contact and Cost / Lead for rows without data | H100: "—" is shown, not 0, NaN or blank | I100: As expected | J100: UI | K100: Low | L100: Not Started
A101: LR-100 | B101: Source & Channel | C101: Export | D101: Export downloads the current grouping | E101: Logged in as CRM Administrator; Lead Reports open (https://qa-crm.asquareab.com/reports/leads); Source & Channel tab selected | F101: 1. Lead Source sub-tab 2. Click Export | H101: lead-report-breakdown-<date>.xlsx, sheet "By Lead Source", one row per table row with the same figures | I101: 9 rows; headers differ from screen and no Total row (OBS-08) | J101: Functional | K101: High | L101: Not Started
A102: LR-101 | B102: Source & Channel | C102: Export | D102: Export follows the selected sub-tab | E102: Logged in as CRM Administrator; Lead Reports open (https://qa-crm.asquareab.com/reports/leads); Source & Channel tab selected | F102: 1. Click Capture Channel 2. Click Export | H102: Sheet "By Capture Channel" with the channel rows | I102: To verify | J102: Functional | K102: Medium | L102: Not Started
A103: LR-102 | B103: Source & Channel | C103: Table | D103: Column headers do not sort | E103: Logged in as CRM Administrator; Lead Reports open (https://qa-crm.asquareab.com/reports/leads); Source & Channel tab selected | F103: 1. Click the "Leads" header | H103: Agreed behaviour: rows stay in their order (headers are not sortable) | I103: No sorting (OBS-12) | J103: UI | K103: Low | L103: Not Started
A104: LR-103 | B104: Aging & Follow-up | C104: KPI cards | D104: 4 aging KPI cards | E104: Logged in as CRM Administrator; Lead Reports open (https://qa-crm.asquareab.com/reports/leads); Aging & Follow-up tab selected | F104: 1. Open Aging & Follow-up | H104: Open Leads, Idle Over 30 Days, Never Contacted, Overdue Follow-ups; first three equal the Overview "Open Leads Now" figures | I104: 364, 342, 163, 0 | J104: Functional | K104: High | L104: Not Started
...

Sheet Drill-down Verification
A1: # | B1: Tab | C1: Count link (where) | D1: Clicked count | E1: Header count | F1: Rows listed | G1: "showing the first 500" | H1: Export rows | I1: Duplicate leads | J1: Bucket | K1: Row rule checked | L1: Rows breaking rule | M1: Grouping check (rows outside the clicked row) | N1: Result | O1: Notes
A2: 1 | B2: Overview & Funnel | C2: KPI "Leads Captured" | D2: 613 | E2: 613 | F2: 500 | G2: Yes | H2: 613 | I2: 0 | J2: captured | K2: Captured date present | L2: 0 | M2: n/a | N2: Pass
A3: 2 | B3: Overview & Funnel | C3: KPI "SPA Signed" | D3: 76 | E3: 76 | F3: 76 | H3: 76 | I3: 0 | J3: won | K3: Won Value > 0 | L3: 0 | M3: n/a | N3: Pass
A4: 3 | B4: Overview & Funnel | C4: KPI "Open Leads Now" | D4: 364 | E4: 364 | F4: 364 | H4: 364 | I4: 0 | J4: openNow | K4: Open status (not Converted/Lost/Disqualified/Duplicate) | L4: 0 | M4: n/a | N4: Pass
A5: 4 | B5: Overview & Funnel | C5: KPI "Open Leads Now" (subtitle link) | D5: 342 | E5: 342 | F5: 342 | H5: 342 | I5: 0 | J5: idleNow | K5: Open status and Idle > 30 d | L5: 0 | M5: n/a | N5: Pass
A6: 5 | B6: Overview & Funnel | C6: KPI "Open Leads Now" (subtitle link) | D6: 163 | E6: 163 | F6: 163 | H6: 163 | I6: 0 | J6: neverContactedNow | K6: Open status and no First Contact | L6: 0 | M6: n/a | N6: Pass
A7: 6 | B7: Overview & Funnel | C7: Funnel "Captured" | D7: 613 | E7: 613 | F7: 500 | G7: Yes | H7: 613 | I7: 0 | K7: (no row rule) | L7: 0 | M7: n/a | N7: Pass
A8: 7 | B8: Overview & Funnel | C8: Funnel "Contacted" | D8: 322 | E8: 322 | F8: 322 | H8: 322 | I8: 0 | J8: contacted | K8: First Contact date present, or status Contacted or later (page definition) | L8: 0 | M8: n/a | N8: Pass | O8: 71 rows break "First Contact date present"
A9: 8 | B9: Overview & Funnel | C9: Funnel "Qualified" | D9: 249 | E9: 249 | F9: 249 | H9: 249 | I9: 0 | J9: qualified | K9: Qualified date present | L9: 0 | M9: n/a | N9: Pass
A10: 9 | B10: Overview & Funnel | C10: Funnel "Opportunity" | D10: 121 | E10: 121 | F10: 121 | H10: 121 | I10: 0 | J10: converted | K10: Status Converted / Opportunity Created | L10: 0 | M10: n/a | N10: Pass
A11: 10 | B11: Overview & Funnel | C11: Funnel "Reserved" | D11: 106 | E11: 106 | F11: 106 | H11: 106 | I11: 0 | J11: reserved | K11: Status Converted / Opportunity Created (reservation not shown in list) | L11: 0 | M11: n/a | N11: Pass
A12: 11 | B12: Overview & Funnel | C12: Funnel "SPA Signed" | D12: 76 | E12: 76 | F12: 76 | H12: 76 | I12: 0 | J12: won | K12: Won Value > 0 | L12: 0 | M12: n/a | N12: Pass
A13: 12 | B13: Source & Channel | C13: Performance by Lead Source › Unspecified › Leads | D13: 572 | E13: 572 | F13: 500 | G13: Yes | H13: 572 | I13: 0 | J13: captured | K13: Captured date present | L13: 0 | M13: 0 | N13: Pass
A14: 13 | B14: Source & Channel | C14: Performance by Lead Source › Unspecified › Contacted | D14: 290 | E14: 290 | F14: 290 | H14: 290 | I14: 0 | J14: contacted | K14: First Contact date present, or status Contacted or later (page definition) | L14: 0 | M14: 0 | N14: Pass | O14: 71 rows break "First Contact date present"
A15: 14 | B15: Source & Channel | C15: Performance by Lead Source › Unspecified › Qualified | D15: 218 | E15: 218 | F15: 218 | H15: 218 | I15: 0 | J15: qualified | K15: Qualified date present | L15: 0 | M15: 0 | N15: Pass
A16: 15 | B16: Source & Channel | C16: Performance by Lead Source › Unspecified › Opportunity | D16: 92 | E16: 92 | F16: 92 | H16: 92 | I16: 0 | J16: converted | K16: Status Converted / Opportunity Created | L16: 0 | M16: 0 | N16: Pass
A17: 16 | B17: Source & Channel | C17: Performance by Lead Source › Unspecified › Reserved | D17: 89 | E17: 89 | F17: 89 | H17: 89 | I17: 0 | J17: reserved | K17: Status Converted / Opportunity Created (reservation not shown in list) | L17: 0 | M17: 0 | N17: Pass
A18: 17 | B18: Source & Channel | C18: Performance by Lead Source › Unspecified › SPA Signed | D18: 66 | E18: 66 | F18: 66 | H18: 66 | I18: 0 | J18: won | K18: Won Value > 0 | L18: 0 | M18: 0 | N18: Pass
A19: 18 | B19: Source & Channel | C19: Performance by Lead Source › Unspecified › Lost | D19: 128 | E19: 128 | F19: 128 | H19: 128 | I19: 0 | J19: lost | K19: Status Lost / Disqualified | L19: 0 | M19: 0 | N19: Pass
A20: 19 | B20: Source & Channel | C20: Performance by Lead Source › Digital Marketing › Leads | D20: 18 | E20: 18 | F20: 18 | H20: 18 | I20: 0 | J20: captured | K20: Captured date present | L20: 0 | M20: 0 | N20: Pass
A21: 20 | B21: Source & Channel | C21: Performance by Lead Source › Digital Marketing › Contacted | D21: 14 | E21: 14 | F21: 14 | H21: 14 | I21: 0 | J21: contacted | K21: First Contact date present | L21: 0 | M21: 0 | N21: Pass
A22: 21 | B22: Source & Channel | C22: Performance by Lead Source › Digital Marketing › Qualified | D22: 13 | E22: 13 | F22: 13 | H22: 13 | I22: 0 | J22: qualified | K22: Qualified date present | L22: 0 | M22: 0 | N22: Pass
A23: 22 | B23: Source & Channel | C23: Performance by Lead Source › Digital Marketing › Opportunity | D23: 11 | E23: 11 | F23: 11 | H23: 11 | I23: 0 | J23: converted | K23: Status Converted / Opportunity Created | L23: 0 | M23: 0 | N23: Pass
A24: 23 | B24: Source & Channel | C24: Performance by Lead Source › Digital Marketing › Reserved | D24: 7 | E24: 7 | F24: 7 | H24: 7 | I24: 0 | J24: reserved | K24: Status Converted / Opportunity Created (reservation not shown in list) | L24: 0 | M24: 0 | N24: Pass
A25: 24 | B25: Source & Channel | C25: Performance by Lead Source › Digital Marketing › SPA Signed | D25: 5 | E25: 5 | F25: 5 | H25: 5 | I25: 0 | J25: won | K25: Won Value > 0 | L25: 0 | M25: 0 | N25: Pass
A26: 25 | B26: Source & Channel | C26: Performance by Lead Source › Broker Channels › Leads | D26: 6 | E26: 6 | F26: 6 | H26: 6 | I26: 0 | J26: captured | K26: Captured date present | L26: 0 | M26: 0 | N26: Pass
... A62: 61 | B62: Source & Channel | C62: Performance by Lead Source › Referrals › Opportunity | D62: 1 | E62: 1 | F62: 1 | H62: 1 | I62: 0 | J62: converted | K62: Status Converted / Opportunity Created | L62: 0 | M62: 0 | N62: Pass
A63: 62 | B63: Source & Channel (Capture Channel) | C63: Performance by Capture Channel › Unspecified › Leads | D63: 587 | E63: 587 | F63: 500 | G63: Yes | H63: 587 | I63: 0 | J63: captured | K63: Captured date present | L63: 0 | M63: 0 | N63: Pass
A64: 63 | B64: Source & Channel (Capture Channel) | C64: Performance by Capture Channel › Google Ads › Leads | D64: 5 | E64: 5 | F64: 5 | H64: 5 | I64: 0 | J64: captured | K64: Captured date present | L64: 0 | M64: 0 | N64: Pass
A65: 64 | B65: Source & Channel (Capture Channel) | C65: Performance by Capture Channel › WhatsApp › Leads | D65: 5 | E65: 5 | F65: 5 | H65: 5 | I65: 0 | J65: captured | K65: Captured date present | L65: 0 | M65: 0 | N65: Pass
A66: 65 | B66: Source & Channel (Capture Channel) | C66: Performance by Capture Channel › Google Search › Leads | D66: 3 | E66: 3 | F66: 3 | H66: 3 | I66: 0 | J66: captured | K66: Captured date present | L66: 0 | M66: 0 | N66: Pass
A67: 66 | B67: Source & Channel (Capture Channel) | C67: Performance by Capture Channel › Hotel Guest Referral › Leads | D67: 2 | E67: 2 | F67: 2 | H67: 2 | I67: 0 | J67: captured | K67: Captured date present | L67: 0 | M67: 0 | N67: Pass
A68: 67 | B68: Source & Channel (Capture Channel) | C68: Performance by Capture Channel › International Broker › Leads | D68: 2 | E68: 2 | F68: 2 | H68: 2 | I68: 0 | J68: captured | K68: Captured date present | L68: 0 | M68: 0 | N68: Pass
A69: 68 | B69: Source & Channel (Capture Channel) | C69: Performance by Capture Channel › Property Finder › Leads | D69: 2 | E69: 2 | F69: 2 | H69: 2 | I69: 0 | J69: captured | K69: Captured date present | L69: 0 | M69: 0 | N69: Pass
A70: 69 | B70: Source & Channel (Capture Channel) | C70: Performance by Capture Channel › Bank Referral › Leads | D70: 1 | E70: 1 | F70: 1 | H70: 1 | I70: 0 | J70: captured | K70: Captured date present | L70: 0 | M70: 0 | N70: Pass
A71: 70 | B71: Source & Channel (Capture Channel) | C71: Performance by Capture Channel › Email Inquiry › Leads | D71: 1 | E71: 1 | F71: 1 | H71: 1 | I71: 0 | J71: captured | K71: Captured date present | L71: 0 | M71: 0 | N71: Pass
A72: 71 | B72: Source & Channel (Capture Channel) | C72: Performance by Capture Channel › Landing Page › Leads | D72: 1 | E72: 1 | F72: 1 | H72: 1 | I72: 0 | J72: captured | K72: Captured date present | L72: 0 | M72: 0 | N72: Pass
A73: 72 | B73: Source & Channel (Capture Channel) | C73: Performance by Capture Channel › Mortgage Provider › Leads | D73: 1 | E73: 1 | F73: 1 | H73: 1 | I73: 0 | J73: captured | K73: Captured date present | L73: 0 | M73: 0 | N73: Pass
A74: 73 | B74: Source & Channel (Capture Channel) | C74: Performance by Capture Channel › Property Exhibition › Leads | D74: 1 | E74: 1 | F74: 1 | H74: 1 | I74: 0 | J74: captured | K74: Captured date present | L74: 0 | M74: 0 | N74: Pass
A75: 74 | B75: Source & Channel (Capture Channel) | C75: Performance by Capture Channel › Real Estate Agency › Leads | D75: 1 | E75: 1 | F75: 1 | H75: 1 | I75: 0 | J75: captured | K75: Captured date present | L75: 0 | M75: 0 | N75: Pass
... A96: 95 | B96: Source & Channel (Broker) | C96: Performance by Broker › mybroker › Leads | D96: 1 | E96: 1 | F96: 1 | H96: 1 | I96: 0 | J96: captured | K96: Captured date present | L96: 0 | M96: 0 | N96: Pass
A97: 96 | B97: Source & Channel (Salesperson) | C97: Performance by Salesperson › CRM Administrator › Leads | D97: 597 | E97: 597 | F97: 500 | G97: Yes | H97: 597 | I97: 0 | J97: captured | K97: Captured date present | L97: 0 | M97: 0 | N97: Pass
A98: 97 | B98: Source & Channel (Salesperson) | C98: Performance by Salesperson › QA Lead Reviewer › Leads | D98: 6 | E98: 6 | F98: 6 | H98: 6 | I98: 0 | J98: captured | K98: Captured date present | L98: 0 | M98: 0 | N98: Pass
A99: 98 | B99: Source & Channel (Salesperson) | C99: Performance by Salesperson › Mahalakshmi › Leads | D99: 4 | E99: 4 | F99: 4 | H99: 4 | I99: 0 | J99: captured | K99: Captured date present | L99: 0 | M99: 0 | N99: Pass
A100: 99 | B100: Source & Channel (Salesperson) | C100: Performance by Salesperson › Unassigned › Leads | D100: 2 | E100: 2 | F100: 2 | H100: 2 | I100: 0 | J100: captured | K100: Captured date present | L100: 0 | M100: 0 | N100: Pass
A101: 100 | B101: Source & Channel (Salesperson) | C101: Performance by Salesperson › BabuRa › Leads | D101: 1 | E101: 1 | F101: 1 | H101: 1 | I101: 0 | J101: captured | K101: Captured date present | L101: 0 | M101: 0 | N101: Pass
A102: 101 | B102: Source & Channel (Salesperson) | C102: Performance by Salesperson › Mahalakshmi › Leads | D102: 1 | E102: 1 | F102: 1 | H102: 1 | I102: 0 | J102: captured | K102: Captured date present | L102: 0 | M102: 0 | N102: Pass
A103: 102 | B103: Source & Channel (Salesperson) | C103: Performance by Salesperson › QA Lead Assignee › Leads | D103: 1 | E103: 1 | F103: 1 | H103: 1 | I103: 0 | J103: captured | K103: Captured date present | L103: 0 | M103: 0 | N103: Pass
A104: 103 | B104: Source & Channel (Salesperson) | C104: Performance by Salesperson › QA Sales Manager › Leads | D104: 1 | E104: 1 | F104: 1 | H104: 1 | I104: 0 | J104: captured | K104: Captured date present | L104: 0 | M104: 0 | N104: Pass
A105: 104 | B105: Source & Channel (Project) | C105: Performance by Project › Palm Exotjca Limited › Leads | D105: 555 | E105: 555 | F105: 500 | G105: Yes | H105: 555 | I105: 0 | J105: captured | K105: Captured date present | L105: 0 | M105: 0 | N105: Pass
A106: 105 | B106: Source & Channel (Project) | C106: Performance by Project › Unspecified › Leads | D106: 49 | E106: 49 | F106: 49 | H106: 49 | I106: 0 | J106: captured | K106: Captured date present | L106: 0 | M106: 0 | N106: Pass
A107: 106 | B107: Source & Channel (Project) | C107: Performance by Project › **&**&*&** › Leads | D107: 1 | E107: 1 | F107: 1 | H107: 1 | I107: 0 | J107: captured | K107: Captured date present | L107: 0 | M107: 0 | N107: Pass
A108: 107 | B108: Source & Channel (Project) | C108: Performance by Project › PES-EXOT › Leads | D108: 1 | E108: 1 | F108: 1 | H108: 1 | I108: 0 | J108: captured | K108: Captured date present | L108: 0 | M108: 0 | N108: Pass
A109: 108 | B109: Source & Channel (Project) | C109: Performance by Project › PET › Leads | D109: 1 | E109: 1 | F109: 1 | H109: 1 | I109: 0 | J109: captured | K109: Captured date present | L109: 0 | M109: 0 | N109: Pass
A110: 109 | B110: Source & Channel (Project) | C110: Performance by Project › PET-AEX-001 › Leads | D110: 1 | E110: 1 | F110: 1 | H110: 1 | I110: 0 | J110: captured | K110: Captured date present | L110: 0 | M110: 0 | N110: Pass
A111: 110 | B111: Source & Channel (Project) | C111: Performance by Project › PEX › Leads | D111: 1 | E111: 1 | F111: 1 | H111: 1 | I111: 0 | J111: captured | K111: Captured date present | L111: 0 | M111: 0 | N111: Pass
A112: 111 | B112: Source & Channel (Project) | C112: Performance by Project › PEX_EXOT › Leads | D112: 1 | E112: 1 | F112: 1 | H112: 1 | I112: 0 | J112: captured | K112: Captured date present | L112: 0 | M112: 0 | N112: Pass
A113: 112 | B113: Source & Channel (Project) | C113: Performance by Project › PRJ › Leads | D113: 1 | E113: 1 | F113: 1 | H113: 1 | I113: 0 | J113: captured | K113: Captured date present | L113: 0 | M113: 0 | N113: Pass
A114: 113 | B114: Source & Channel (Project) | C114: Performance by Project › PRJE › Leads | D114: 1 | E114: 1 | F114: 1 | H114: 1 | I114: 0 | J114: captured | K114: Captured date present | L114: 0 | M114: 0 | N114: Pass
A115: 114 | B115: Source & Channel (Project) | C115: Performance by Project › PROJ › Leads | D115: 1 | E115: 1 | F115: 1 | H115: 1 | I115: 0 | J115: captured | K115: Captured date present | L115: 0 | M115: 0 | N115: Pass
A116: 115 | B116: Source & Channel (Nationality) | C116: Performance by Nationality › Unspecified › Leads | D116: 581 | E116: 581 | F116: 500 | G116: Yes | H116: 581 | I116: 0 | J116: captured | K116: Captured date present | L116: 0 | M116: 0 | N116: Pass
A117: 116 | B117: Source & Channel (Nationality) | C117: Performance by Nationality › India › Leads | D117: 8 | E117: 8 | F117: 8 | H117: 8 | I117: 0 | J117: captured | K117: Captured date present | L117: 0 | M117: 0 | N117: Pass
A118: 117 | B118: Source & Channel (Nationality) | C118: Performance by Nationality › United Kingdom › Leads | D118: 7 | E118: 7 | F118: 7 | H118: 7 | I118: 0 | J118: captured | K118: Captured date present | L118: 0 | M118: 0 | N118: Pass
A119: 118 | B119: Source & Channel (Nationality) | C119: Performance by Nationality › Australia › Leads | D119: 5 | E119: 5 | F119: 5 | H119: 5 | I119: 0 | J119: captured | K119: Captured date present | L119: 0 | M119: 0 | N119: Pass
A120: 119 | B120: Source & Channel (Nationality) | C120: Performance by Nationality › United Arab Emirates › Leads | D120: 2 | E120: 2 | F120: 2 | H120: 2 | I120: 0 | J120: captured | K120: Captured date present | L120: 0 | M120: 0 | N120: Pass
A121: 120 | B121: Source & Channel (Nationality) | C121: Performance by Nationality › Canada › Leads | D121: 2 | E121: 2 | F121: 2 | H121: 2 | I121: 0 | J121: captured | K121: Captured date present | L121: 0 | M121: 0 | N121: Pass
A122: 121 | B122: Source & Channel (Nationality) | C122: Performance by Nationality › Ascension Island › Leads | D122: 1 | E122: 1 | F122: 1 | H122: 1 | I122: 0 | J122: captured | K122: Captured date present | L122: 0 | M122: 0 | N122: Pass
A123: 122 | B123: Source & Channel (Nationality) | C123: Performance by Nationality › Angola › Leads | D123: 1 | E123: 1 | F123: 1 | H123: 1 | I123: 0 | J123: captured | K123: Captured date present | L123: 0 | M123: 0 | N123: Pass
A124: 123 | B124: Source & Channel (Nationality) | C124: Performance by Nationality › Argentina › Leads | D124: 1 | E124: 1 | F124: 1 | H124: 1 | I124: 0 | J124: captured | K124: Captured date present | L124: 0 | M124: 0 | N124: Pass
A125: 124 | B125: Source & Channel (Nationality) | C125: Performance by Nationality › Austria › Leads | D125: 1 | E125: 1 | F125: 1 | H125: 1 | I125: 0 | J125: captured | K125: Captured date present | L125: 0 | M125: 0 | N125: Pass
A126: 125 | B126: Source & Channel (Nationality) | C126: Performance by Nationality › Aland › Leads | D126: 1 | E126: 1 | F126: 1 | H126: 1 | I126: 0 | J126: captured | K126: Captured date present | L126: 0 | M126: 0 | N126: Pass
A127: 126 | B127: Source & Channel (Nationality) | C127: Performance by Nationality › Azerbaijan › Leads | D127: 1 | E127: 1 | F127: 1 | H127: 1 | I127: 0 | J127: captured | K127: Captured date present | L127: 0 | M127: 0 | N127: Pass
A128: 127 | B128: Source & Channel (Nationality) | C128: Performance by Nationality › Kenya › Leads | D128: 1 | E128: 1 | F128: 1 | H128: 1 | I128: 0 | J128: captured | K128: Captured date present | L128: 0 | M128: 0 | N128: Pass
A129: 128 | B129: Source & Channel (Nationality) | C129: Performance by Nationality › Lebanon › Leads | D129: 1 | E129: 1 | F129: 1 | H129: 1 | I129: 0 | J129: captured | K129: Captured date present | L129: 0 | M129: 0 | N129: Pass
A130: 129 | B130: Source & Channel (Prospect Type) | C130: Performance by Prospect Type › Unspecified › Leads | D130: 569 | E130: 569 | F130: 500 | G130: Yes | H130: 569 | I130: 0 | J130: captured | K130: Captured date present | L130: 0 | M130: 0 | N130: Pass
A131: 130 | B131: Source & Channel (Prospect Type) | C131: Performance by Prospect Type › Individual (Person) › Leads | D131: 41 | E131: 41 | F131: 41 | H131: 41 | I131: 0 | J131: captured | K131: Captured date present | L131: 0 | M131: 0 | N131: Pass
A132: 131 | B132: Source & Channel (Prospect Type) | C132: Performance by Prospect Type › Corporate / Institutional › Leads | D132: 3 | E132: 3 | F132: 3 | H132: 3 | I132: 0 | J132: captured | K132: Captured date present | L132: 0 | M132: 0 | N132: Pass
A133: 132 | B133: Aging & Follow-up | C133: KPI "Open Leads" | D133: 364 | E133: 364 | F133: 364 | H133: 364 | I133: 0 | J133: openNow | K133: Open status (not Converted/Lost/Disqualified/Duplicate) | L133: 0 | M133: n/a | N133: Pass
A134: 133 | B134: Aging & Follow-up | C134: KPI "Idle Over 30 Days" | D134: 342 | E134: 342 | F134: 342 | H134: 342 | I134: 0 | J134: idleNow | K134: Open status and Idle > 30 d | L134: 0 | M134: n/a | N134: Pass
A135: 134 | B135: Aging & Follow-up | C135: KPI "Never Contacted" | D135: 163 | E135: 163 | F135: 163 | H135: 163 | I135: 0 | J135: neverContactedNow | K135: Open status and no First Contact | L135: 0 | M135: n/a | N135: Pass
A136: 135 | B136: Aging & Follow-up | C136: Open Leads by Salesperson › CRM Administrator › Open | D136: 356 | E136: 356 | F136: 356 | H136: 356 | I136: 0 | J136: openNow | K136: Open status (not Converted/Lost/Disqualified/Duplicate) | L136: 0 | M136: 0 | N136: Pass
A137: 136 | B137: Aging & Follow-up | C137: Open Leads by Salesperson › CRM Administrator › Never Contacted | D137: 157 | E137: 157 | F137: 157 | H137: 157 | I137: 0 | J137: neverContactedNow | K137: Open status and no First Contact | L137: 0 | M137: 0 | N137: Pass
A138: 137 | B138: Aging & Follow-up | C138: Open Leads by Salesperson › Mahalakshmi › Open | D138: 4 | E138: 4 | F138: 4 | H138: 4 | I138: 0 | J138: openNow | K138: Open status (not Converted/Lost/Disqualified/Duplicate) | L138: 0 | M138: 0 | N138: Pass
A139: 138 | B139: Aging & Follow-up | C139: Open Leads by Salesperson › Mahalakshmi › Never Contacted | D139: 3 | E139: 3 | F139: 3 | H139: 3 | I139: 0 | J139: neverContactedNow | K139: Open status and no First Contact | L139: 0 | M139: 0 | N139: Pass
A140: 139 | B140: Aging & Follow-up | C140: Open Leads by Salesperson › Unassigned › Open | D140: 2 | E140: 2 | F140: 2 | H140: 2 | I140: 0 | J140: openNow | K140: Open status (not Converted/Lost/Disqualified/Duplicate) | L140: 0 | M140: 0 | N140: Pass
A141: 140 | B141: Aging & Follow-up | C141: Open Leads by Salesperson › Unassigned › Never Contacted | D141: 2 | E141: 2 | F141: 2 | H141: 2 | I141: 0 | J141: neverContactedNow | K141: Open status and no First Contact | L141: 0 | M141: 0 | N141: Pass
A142: 141 | B142: Aging & Follow-up | C142: Open Leads by Salesperson › QA Lead Assignee › Open | D142: 1 | E142: 1 | F142: 1 | H142: 1 | I142: 0 | J142: openNow | K142: Open status (not Converted/Lost/Disqualified/Duplicate) | L142: 0 | M142: 0 | N142: Pass
A143: 142 | B143: Aging & Follow-up | C143: Open Leads by Salesperson › QA Lead Assignee › Never Contacted | D143: 1 | E143: 1 | F143: 1 | H143: 1 | I143: 0 | J143: neverContactedNow | K143: Open status and no First Contact | L143: 0 | M143: 0 | N143: Pass
A144: 143 | B144: Aging & Follow-up | C144: Open Leads by Salesperson › QA Lead Reviewer › Open | D144: 1 | E144: 1 | F144: 1 | H144: 1 | I144: 0 | J144: openNow | K144: Open status (not Converted/Lost/Disqualified/Duplicate) | L144: 0 | M144: 0 | N144: Pass
A145: 144 | B145: Qualification & Conversion | C145: Lost Reasons › View lost leads | D145: 128 | E145: 128 | F145: 128 | H145: 128 | I145: 0 | J145: lost | K145: Status Lost / Disqualified | L145: 0 | M145: n/a | N145: Pass | O145: Button has no number: compared with the Lost Reasons total (127 + 1 = 128)
A146: 145 | B146: Salesperson Scorecard | C146: Salesperson Scorecard › CRM Administrator › Leads | D146: 597 | E146: 597 | F146: 500 | G146: Yes | H146: 597 | I146: 0 | J146: captured | K146: Captured date present | L146: 0 | M146: 0 | N146: Pass
A147: 146 | B147: Salesperson Scorecard | C147: Salesperson Scorecard › CRM Administrator › Contacted | D147: 313 | E147: 313 | F147: 313 | H147: 313 | I147: 0 | J147: contacted | K147: First Contact date present, or status Contacted or later (page definition) | L147: 0 | M147: 0 | N147: Pass | O147: 71 rows break "First Contact date present"
A148: 147 | B148: Salesperson Scorecard | C148: Salesperson Scorecard › CRM Administrator › Qualified | D148: 241 | E148: 241 | F148: 241 | H148: 241 | I148: 0 | J148: qualified | K148: Qualified date present | L148: 0 | M148: 0 | N148: Pass
A149: 148 | B149: Salesperson Scorecard | C149: Salesperson Scorecard › CRM Administrator › Opportunity | D149: 114 | E149: 114 | F149: 114 | H149: 114 | I149: 0 | J149: converted | K149: Status Converted / Opportunity Created | L149: 0 | M149: 0 | N149: Pass
A150: 149 | B150: Salesperson Scorecard | C150: Salesperson Scorecard › CRM Administrator › SPA Signed | D150: 75 | E150: 75 | F150: 75 | H150: 75 | I150: 0 | J150: won | K150: Won Value > 0 | L150: 0 | M150: 0 | N150: Pass
A151: 150 | B151: Salesperson Scorecard | C151: Salesperson Scorecard › CRM Administrator › Open Now | D151: 356 | E151: 356 | F151: 356 | H151: 356 | I151: 0 | J151: openNow | K151: Open status (not Converted/Lost/Disqualified/Duplicate) | L151: 0 | M151: 0 | N151: Pass
A152: 151 | B152: Salesperson Scorecard | C152: Salesperson Scorecard › CRM Administrator › Idle > 30 d | D152: 341 | E152: 341 | F152: 341 | H152: 341 | I152: 0 | J152: idleNow | K152: Open status and Idle > 30 d | L152: 0 | M152: 0 | N152: Pass
A153: 152 | B153: Salesperson Scorecard | C153: Salesperson Scorecard › CRM Administrator › Never Contacted | D153: 157 | E153: 157 | F153: 157 | H153: 157 | I153: 0 | J153: neverContactedNow | K153: Open status and no First Contact | L153: 0 | M153: 0 | N153: Pass
A154: 153 | B154: Salesperson Scorecard | C154: Salesperson Scorecard › QA Lead Reviewer › Leads | D154: 6 | E154: 6 | F154: 6 | H154: 6 | I154: 0 | J154: captured | K154: Captured date present | L154: 0 | M154: 0 | N154: Pass
A155: 154 | B155: Salesperson Scorecard | C155: Salesperson Scorecard › QA Lead Reviewer › Contacted | D155: 6 | E155: 6 | F155: 6 | H155: 6 | I155: 0 | J155: contacted | K155: First Contact date present | L155: 0 | M155: 0 | N155: Pass
...

Sheet Clickable Map
A1: Tab | B1: Component | C1: Element | D1: Clickable | E1: What happens | F1: API called
A2: All | B2: Header | C2: REPORTS & ANALYTICS breadcrumb | D2: Yes | E2: Opens /reports-analytics | F2: —
A3: All | B3: Header | C3: 9 filter dropdowns (Period, Project, Lead Source, Capture Channel, Campaign, Broker, Salesperson, Prospect Type, Nationality) | D3: Yes | E3: Reloads the current tab for the selection; carried to every tab; reset on page reload | F3: …?period=…&<filter>RefId=…
A4: All | B4: Header | C4: Custom dates From / To | D4: Yes | E4: Reloads when both are valid; From > To is ignored silently | F4: period=custom&from=…&to=…
A5: All | B5: Header | C5: View: All / You and your team / Mine | D5: Yes | E5: Reloads with the view | F5: view=all | team | self
A6: All | B6: Header | C6: Reset filters | D6: Yes (disabled until a change) | E6: Restores all dropdowns | F6: —
A7: All | B7: Header | C7: How these numbers are calculated | D7: Yes | E7: Expands the definitions | F7: —
A8: All | B8: Tab bar | C8: 5 tabs | D8: Yes | E8: Switch tab; URL ?tab=source|aging|qualification|scorecard; closes any drill-down | F8: overview | breakdown | aging | qualification | scorecard
A9: Overview & Funnel | B9: KPI cards | C9: Leads Captured value | D9: Yes | E9: Drill-down "Leads captured" (first 500 shown) (verified 13-Oct-2026) | F9: drill?bucket=captured
A10: Overview & Funnel | B10: KPI cards | C10: SPA Signed value | D10: Yes | E10: Drill-down "Leads with a signed SPA" (verified 13-Oct-2026) | F10: drill?bucket=won
A11: Overview & Funnel | B11: KPI cards | C11: Open Leads Now value / idle / never contacted | D11: Yes (3 links) | E11: Drill-downs "Open leads (today)", "…idle over 30 days", "…never contacted" (as of today) (verified 13-Oct-2026) | F11: drill?bucket=openNow | idleNow | neverContactedNow
A12: Overview & Funnel | B12: KPI cards | C12: Contact Rate, Qualification Rate, Opportunity Conversion, Won Value, Avg Time to First Contact | D12: No | E12: — | F12: —
... A33: Drill-down list | B33: Panel | C33: Close | D33: Yes | E33: Closes the list (Esc does not) | F33: —

Sheet Observations
A1: Obs ID | B1: Area | C1: Observation | D1: Expected / Question | E1: Suggested severity | F1: Related TC
A2: OBS-01 | B2: Filters | C2: The page opens on "Last 12 months". | D2: Should open on "This month" like the hub and dashboard (workbook scenario RA-013). | E2: Medium | F2: LR-017
A3: OBS-02 | B3: Custom dates | C3: From later than To: nothing happens — no message, no reload, old figures remain. | D3: Show a validation message (or swap / block the dates). | E3: Medium | F3: LR-021
A4: OBS-03 | B4: Drill-down | C4: Esc does not close the drill-down list; only the Close button does. | D4: Esc should close it (keyboard accessibility). | E4: Low | F4: LR-074
A5: OBS-04 | B5: Source & Channel / Qualification | C5: Rating and Score tables (Qualification & Conversion) have no drill-down links, unlike the other tables. Correction: Lost counts on Source & Channel ARE clickable when above 0 — zero counts are plain text everywhere. | D5: Confirm whether the Rating / Score counts should open drill-downs for consistency. | E5: Low | F5: LR-125
A6: OBS-05 | B6: Filters | C6: Filters are not kept in the URL and reset on reload (the tab is kept). | D6: Confirm intended; a filtered view cannot be shared or bookmarked. | E6: Low | F6: LR-033
A7: OBS-06 | B7: Filters | C7: Salesperson dropdown lists "Mahalakshmi" twice (two users with the same name). | D7: Show something that tells them apart (e.g. email). | E7: Low | F7: LR-028
A8: OBS-07 | B8: Drill-down | C8: Lists over 500 leads show only the first 500 ("showing the first 500"). | D8: Confirm the Export contains all leads (see test case). | E8: Info
A9: OBS-08 | B9: Exports | C9: Export headers differ from the screen ("Qualification %" vs "Qual. %", "Avg Hours to Contact" vs "Avg First Contact", "Won Value (Base)"); breakdown export has no Total row; scorecard export has extra columns (Reserved, Lost, Overdue Follow-ups). | D9: Confirm intended; align names if users compare file and screen. | E9: Low | F9: LR-100, LR-138
A10: OBS-09 | B10: Qualification & Conversion | C10: Avg First Contact mixes hours and days ("46.4 h", "85.9 d"). | D10: Use consistent units or make the unit obvious. | E10: Low | F10: LR-121
A11: OBS-10 | B11: Data quality | C11: 572 of 613 leads have no Lead Source ("Unspecified"); Data Completeness shows Lead source recorded 6.7%. | D11: Data issue in QA; help text says Lead Source is now mandatory on new leads. | E11: Info | F11: LR-091
A12: OBS-11 | B12: Tabs | C12: Browser Back after switching tabs returned to Overview & Funnel instead of the previous tab. | D12: Confirm intended navigation history. | E12: Low
A13: OBS-12 | B13: Tables | C13: Table column headers are not sortable on any tab. | D13: Confirm intended. | E13: Info | F13: LR-102
A14: OBS-13 | B14: Drill-down / data | C14: 71 leads with status "Contacted" have no First Contact date: the Contacted list and export show "—" in First Contact. They are counted as contacted through the status change and are correctly not in "Never contacted". | D14: Record the status-change date as the first contact (or show it), so the list explains why each lead counts as contacted. | E14: Low | F14: LR-058, LR-078
