Workbook

Sheet Summary
A1: Sales Reports — Test Cases
A3: Page | B3: https://qa-crm.asquareab.com/reports/sales
A4: Build | B4: v1.0 1610-47
A5: Explored on | B5: 16-Oct-2026 (CRM Administrator, QA data, screenshots)
A6: Scope | B6: Filter bar (period, custom dates, Project, Salesperson, Broker, Campaign, Reset), views, 8 KPI cards, Open Pipeline by Stage, Salesperson Pipeline, Open Opportunities, exports, number matching, data changes, cross-page and non-functional checks
A7: How to use | B7: Fill "Status" (Pass / Fail / Blocked / Not Applicable) and "Remarks" on the Test Cases sheet; counts below update automatically. Type the figures you see into the yellow cells of "Number Reconciliation" to check the numbers.
A8: Note | B8: "Observed" values were read from the 16-Oct-2026 screenshots (Last 12 months, all filters, view All); data changes over time, so re-read figures when executing. Automated page tests SAL-01…SAL-16 (tests/modules/sales-reports.spec.ts) already cover parts of this workbook.
A9: Last run | B9: 16-Oct-2026 12:37, build v1.0 1610-47 — automated (tests/sales-reports): 101 passed, 19 failed, 12 blocked (skipped by design). Defect report: reports/CRM_Defect_Report_2026-10-16_1237.xlsx
A10: By area | B10: Test cases | C10: High | D10: Pass | E10: Fail
A11: General | B11: =COUNTIF('Test Cases'!$B$2:$B$133,A11) | C11: =COUNTIFS('Test Cases'!$B$2:$B$133,A11,'Test Cases'!$K$2:$K$133,"High") | D11: =COUNTIFS('Test Cases'!$B$2:$B$133,A11,'Test Cases'!$L$2:$L$133,"Pass") | E11: =COUNTIFS('Test Cases'!$B$2:$B$133,A11,'Test Cases'!$L$2:$L$133,"Fail")
A12: Views | B12: =COUNTIF('Test Cases'!$B$2:$B$133,A12) | C12: =COUNTIFS('Test Cases'!$B$2:$B$133,A12,'Test Cases'!$K$2:$K$133,"High") | D12: =COUNTIFS('Test Cases'!$B$2:$B$133,A12,'Test Cases'!$L$2:$L$133,"Pass") | E12: =COUNTIFS('Test Cases'!$B$2:$B$133,A12,'Test Cases'!$L$2:$L$133,"Fail")
A13: Period filter | B13: =COUNTIF('Test Cases'!$B$2:$B$133,A13) | C13: =COUNTIFS('Test Cases'!$B$2:$B$133,A13,'Test Cases'!$K$2:$K$133,"High") | D13: =COUNTIFS('Test Cases'!$B$2:$B$133,A13,'Test Cases'!$L$2:$L$133,"Pass") | E13: =COUNTIFS('Test Cases'!$B$2:$B$133,A13,'Test Cases'!$L$2:$L$133,"Fail")
A14: Dropdown filters | B14: =COUNTIF('Test Cases'!$B$2:$B$133,A14) | C14: =COUNTIFS('Test Cases'!$B$2:$B$133,A14,'Test Cases'!$K$2:$K$133,"High") | D14: =COUNTIFS('Test Cases'!$B$2:$B$133,A14,'Test Cases'!$L$2:$L$133,"Pass") | E14: =COUNTIFS('Test Cases'!$B$2:$B$133,A14,'Test Cases'!$L$2:$L$133,"Fail")
A15: Reset filters | B15: =COUNTIF('Test Cases'!$B$2:$B$133,A15) | C15: =COUNTIFS('Test Cases'!$B$2:$B$133,A15,'Test Cases'!$K$2:$K$133,"High") | D15: =COUNTIFS('Test Cases'!$B$2:$B$133,A15,'Test Cases'!$L$2:$L$133,"Pass") | E15: =COUNTIFS('Test Cases'!$B$2:$B$133,A15,'Test Cases'!$L$2:$L$133,"Fail")
A16: KPI cards | B16: =COUNTIF('Test Cases'!$B$2:$B$133,A16) | C16: =COUNTIFS('Test Cases'!$B$2:$B$133,A16,'Test Cases'!$K$2:$K$133,"High") | D16: =COUNTIFS('Test Cases'!$B$2:$B$133,A16,'Test Cases'!$L$2:$L$133,"Pass") | E16: =COUNTIFS('Test Cases'!$B$2:$B$133,A16,'Test Cases'!$L$2:$L$133,"Fail")
A17: Open Pipeline by Stage | B17: =COUNTIF('Test Cases'!$B$2:$B$133,A17) | C17: =COUNTIFS('Test Cases'!$B$2:$B$133,A17,'Test Cases'!$K$2:$K$133,"High") | D17: =COUNTIFS('Test Cases'!$B$2:$B$133,A17,'Test Cases'!$L$2:$L$133,"Pass") | E17: =COUNTIFS('Test Cases'!$B$2:$B$133,A17,'Test Cases'!$L$2:$L$133,"Fail")
A18: Salesperson Pipeline | B18: =COUNTIF('Test Cases'!$B$2:$B$133,A18) | C18: =COUNTIFS('Test Cases'!$B$2:$B$133,A18,'Test Cases'!$K$2:$K$133,"High") | D18: =COUNTIFS('Test Cases'!$B$2:$B$133,A18,'Test Cases'!$L$2:$L$133,"Pass") | E18: =COUNTIFS('Test Cases'!$B$2:$B$133,A18,'Test Cases'!$L$2:$L$133,"Fail")
A19: Open Opportunities | B19: =COUNTIF('Test Cases'!$B$2:$B$133,A19) | C19: =COUNTIFS('Test Cases'!$B$2:$B$133,A19,'Test Cases'!$K$2:$K$133,"High") | D19: =COUNTIFS('Test Cases'!$B$2:$B$133,A19,'Test Cases'!$L$2:$L$133,"Pass") | E19: =COUNTIFS('Test Cases'!$B$2:$B$133,A19,'Test Cases'!$L$2:$L$133,"Fail")
A20: Export | B20: =COUNTIF('Test Cases'!$B$2:$B$133,A20) | C20: =COUNTIFS('Test Cases'!$B$2:$B$133,A20,'Test Cases'!$K$2:$K$133,"High") | D20: =COUNTIFS('Test Cases'!$B$2:$B$133,A20,'Test Cases'!$L$2:$L$133,"Pass") | E20: =COUNTIFS('Test Cases'!$B$2:$B$133,A20,'Test Cases'!$L$2:$L$133,"Fail")
A21: Number matching | B21: =COUNTIF('Test Cases'!$B$2:$B$133,A21) | C21: =COUNTIFS('Test Cases'!$B$2:$B$133,A21,'Test Cases'!$K$2:$K$133,"High") | D21: =COUNTIFS('Test Cases'!$B$2:$B$133,A21,'Test Cases'!$L$2:$L$133,"Pass") | E21: =COUNTIFS('Test Cases'!$B$2:$B$133,A21,'Test Cases'!$L$2:$L$133,"Fail")
A22: Data changes | B22: =COUNTIF('Test Cases'!$B$2:$B$133,A22) | C22: =COUNTIFS('Test Cases'!$B$2:$B$133,A22,'Test Cases'!$K$2:$K$133,"High") | D22: =COUNTIFS('Test Cases'!$B$2:$B$133,A22,'Test Cases'!$L$2:$L$133,"Pass") | E22: =COUNTIFS('Test Cases'!$B$2:$B$133,A22,'Test Cases'!$L$2:$L$133,"Fail")
... A24: Non-functional | B24: =COUNTIF('Test Cases'!$B$2:$B$133,A24) | C24: =COUNTIFS('Test Cases'!$B$2:$B$133,A24,'Test Cases'!$K$2:$K$133,"High") | D24: =COUNTIFS('Test Cases'!$B$2:$B$133,A24,'Test Cases'!$L$2:$L$133,"Pass") | E24: =COUNTIFS('Test Cases'!$B$2:$B$133,A24,'Test Cases'!$L$2:$L$133,"Fail")
A25: Total | B25: =SUM(B11:B24) | C25: =SUM(C11:C24) | D25: =SUM(D11:D24) | E25: =SUM(E11:E24)
A27: By type | B27: Test cases
A28: Navigation | B28: =COUNTIF('Test Cases'!$J$2:$J$133,A28)
A29: UI | B29: =COUNTIF('Test Cases'!$J$2:$J$133,A29)
A30: Security | B30: =COUNTIF('Test Cases'!$J$2:$J$133,A30)
A31: Functional | B31: =COUNTIF('Test Cases'!$J$2:$J$133,A31)
A32: Dropdown | B32: =COUNTIF('Test Cases'!$J$2:$J$133,A32)
A33: Negative | B33: =COUNTIF('Test Cases'!$J$2:$J$133,A33)
A34: Accessibility | B34: =COUNTIF('Test Cases'!$J$2:$J$133,A34)
A35: Data | B35: =COUNTIF('Test Cases'!$J$2:$J$133,A35)
A36: Non-functional | B36: =COUNTIF('Test Cases'!$J$2:$J$133,A36)
A38: By priority | B38: Test cases
A39: High | B39: =COUNTIF('Test Cases'!$K$2:$K$133,A39)
A40: Medium | B40: =COUNTIF('Test Cases'!$K$2:$K$133,A40)
A41: Low | B41: =COUNTIF('Test Cases'!$K$2:$K$133,A41)
A43: Execution status | B43: Test cases
A44: Not Started | B44: =COUNTIF('Test Cases'!$L$2:$L$133,A44)
A45: Pass | B45: =COUNTIF('Test Cases'!$L$2:$L$133,A45)
A46: Fail | B46: =COUNTIF('Test Cases'!$L$2:$L$133,A46)
A47: Blocked | B47: =COUNTIF('Test Cases'!$L$2:$L$133,A47)
A48: Not Applicable | B48: =COUNTIF('Test Cases'!$L$2:$L$133,A48)
A50: Number reconciliation | B50: Count
A51: Checks | B51: =COUNTA('Number Reconciliation'!$H$40:$H$74)
A52: Match | B52: =COUNTIF('Number Reconciliation'!$H$40:$H$74,"Match")
A53: Mismatch | B53: =COUNTIF('Number Reconciliation'!$H$40:$H$74,"Mismatch")
A54: Not checked (enter inputs) | B54: =COUNTIF('Number Reconciliation'!$H$40:$H$74,"Not checked")
A56: Observations | B56: =COUNTA(Observations!$A$2:$A$21)

Sheet Test Cases
A1: TC ID | B1: Area | C1: Component | D1: Test Case | E1: Preconditions | F1: Test Steps | G1: Test Data | H1: Expected Result | I1: Observed (16-Oct-2026 screenshots, build v1.0 1610-47) | J1: Type | K1: Priority | L1: Status | M1: Remarks
A2: SR-001 | B2: General | C2: Navigation | D2: Open Sales Reports from the Reports & Analytics hub card | E2: Logged in as CRM Administrator | F2: 1. Open /reports-analytics 2. Click the "Sales Reports" card (LIVE) | H2: URL is /reports/sales; breadcrumb "REPORTS & ANALYTICS"; heading "Sales Reports"; Sales tab is active | I2: As expected | J2: Navigation | K2: High | L2: Pass | M2: [Run 16-Oct-2026 12:37, build v1.0 1610-47] Passed
A3: SR-002 | B3: General | C3: Navigation | D3: Open Sales Reports directly by URL | E3: Logged in as CRM Administrator | F3: 1. Enter https://qa-crm.asquareab.com/reports/sales in the browser | H3: Page loads with the filter bar, 8 KPI cards and the 3 panels; no error message | I3: As expected | J3: Navigation | K3: High | L3: Pass | M3: [Run 16-Oct-2026 12:37, build v1.0 1610-47] Passed
A4: SR-003 | B4: General | C4: Breadcrumb | D4: "REPORTS & ANALYTICS" breadcrumb returns to the hub | E4: Logged in as CRM Administrator; Sales Reports open (https://qa-crm.asquareab.com/reports/sales) | F4: 1. Click "REPORTS & ANALYTICS" above the heading | H4: Reports & Analytics hub (/reports-analytics) opens | I4: To verify | J4: Navigation | K4: Medium | L4: Pass | M4: [Run 16-Oct-2026 12:37, build v1.0 1610-47] Passed
A5: SR-004 | B5: General | C5: Module tab bar | D5: Module tab bar lists every report and highlights Sales | E5: Logged in as CRM Administrator; Sales Reports open (https://qa-crm.asquareab.com/reports/sales) | F5: 1. Read the tab bar under the intro text | H5: Tabs in order: Sales, Inventory, Customers, Brokers, Marketing, Reservations, SPA, Collections, Exceptions, Leads; Sales is highlighted (dark) | I5: As expected | J5: UI | K5: Medium | L5: Pass | M5: [Run 16-Oct-2026 12:37, build v1.0 1610-47] Passed
A6: SR-005 | B6: General | C6: Module tab bar | D6: Switching module tabs opens the other report and back | E6: Logged in as CRM Administrator; Sales Reports open (https://qa-crm.asquareab.com/reports/sales) | F6: 1. Click "Inventory" 2. Click "Sales" | H6: Step 1 opens /reports/inventory with Inventory highlighted; step 2 returns to /reports/sales with Sales highlighted and valid figures | I6: To verify | J6: Navigation | K6: Medium | L6: Pass | M6: [Run 16-Oct-2026 12:37, build v1.0 1610-47] Passed
A7: SR-006 | B7: General | C7: Layout | D7: Page layout shows every section in order | E7: Logged in as CRM Administrator; Sales Reports open (https://qa-crm.asquareab.com/reports/sales) | F7: 1. Scroll the page from top to bottom | H7: Intro "Open pipeline by stage and salesperson, weighted forecast, win rate and opportunities past their close date. Values in base currency."; filter bar (Period (won / lost), Project, Salesperson, Broker, Campaign, Reset filters); 8 KPI cards; panels Open Pipeline by Stage, Salesperson Pipeline, Open Opportunities, each with an Export button | I7: As expected | J7: UI | K7: High | L7: Pass | M7: [Run 16-Oct-2026 12:37, build v1.0 1610-47] Passed
A8: SR-007 | B8: General | C8: KPI cards | D8: KPI labels and captions | E8: Logged in as CRM Administrator; Sales Reports open (https://qa-crm.asquareab.com/reports/sales) | F8: 1. Read every KPI card | H8: Open opportunities; Pipeline value "Budget of open opportunities"; Weighted pipeline "Value × probability"; Won in period "SPA signed in the period"; Won value; Win rate "Won ÷ (won + lost) in the period"; Average days to win; Past expected close | I8: As expected | J8: UI | K8: Medium | L8: Pass | M8: [Run 16-Oct-2026 12:37, build v1.0 1610-47] Passed
A9: SR-008 | B9: General | C9: Panels | D9: Panel captions explain which figures follow the period | E9: Logged in as CRM Administrator; Sales Reports open (https://qa-crm.asquareab.com/reports/sales) | F9: 1. Read the caption under each panel heading | H9: Open Pipeline by Stage: "Open opportunities today. The period does not apply."; Salesperson Pipeline: "Open figures are as of today; won and lost are for the selected period."; Open Opportunities: "Sorted by expected close date." | I9: As expected | J9: UI | K9: Low | L9: Pass | M9: [Run 16-Oct-2026 12:37, build v1.0 1610-47] Passed
A10: SR-009 | B10: General | C10: Loading | D10: KPIs never settle on a placeholder or broken value | E10: Logged in as CRM Administrator | F10: 1. Open https://qa-crm.asquareab.com/reports/sales 2. Watch the KPI cards until loading finishes 3. Reload the page (F5) and watch again | H10: While loading, a placeholder ("—") may appear briefly; once loaded every KPI shows a real value; no NaN, undefined, blank or Infinity anywhere on the page | I10: To verify | J10: UI | K10: Medium | L10: Pass | M10: [Run 16-Oct-2026 12:37, build v1.0 1610-47] Passed
A11: SR-010 | B11: General | C11: Access | D11: Signed-out user cannot open the report | E11: Signed out (no session) | F11: 1. Enter https://qa-crm.asquareab.com/reports/sales in a private window | H11: Login page is shown; after login the user lands on Sales Reports (or the dashboard); no report data is shown before login | I11: To verify | J11: Security | K11: High | L11: Pass | M11: [Run 16-Oct-2026 12:37, build v1.0 1610-47] Passed
A12: SR-011 | B12: General | C12: Access | D12: User without the Reports right cannot see the report | E12: A user without Reports & Analytics permission | F12: 1. Log in as that user 2. Enter https://qa-crm.asquareab.com/reports/sales | H12: Access denied / not-found page or redirect; Sales Reports card is not on the hub; no data is returned by the API | I12: To verify | J12: Security | K12: High | L12: Blocked | M12: [Run 16-Oct-2026 12:37, build v1.0 1610-47] Skipped: Needs a user without the Reports & Analytics permission (set one up and run manually) Needs a restricted account
A13: SR-012 | B13: Views | C13: View buttons | D13: View buttons All / You and your team / Mine | E13: Logged in as CRM Administrator; Sales Reports open (https://qa-crm.asquareab.com/reports/sales) | F13: 1. Read the buttons next to the heading | H13: Three buttons: All, You and your team, Mine; "All" is active for the CRM Administrator | I13: As expected (All active) | J13: UI | K13: High | L13: Pass | M13: [Run 16-Oct-2026 12:37, build v1.0 1610-47] Passed
... A19: SR-018 | B19: Period filter | C19: Period dropdown | D19: Default period is "This month" | E19: Logged in as CRM Administrator | F19: 1. Open https://qa-crm.asquareab.com/reports/sales | H19: "This month" is selected (same period as the hub and dashboard; workbook scenario RA-013) | I19: "Last 12 months" is selected (see OBS-01) | J19: Dropdown | K19: High | L19: Fail | M19: [Run 16-Oct-2026 12:37, build v1.0 1610-47] Error: Default period expect(received).toBe(expected) // Object.is equality Expected: "this_month" Received: "last_12_months" (see OBS-01)
A20: SR-019 | B20: Period filter | C20: Period dropdown | D20: Each period reloads the report with valid values | E20: Logged in as CRM Administrator; Sales Reports open (https://qa-crm.asquareab.com/reports/sales) | F20: 1. Select each period in turn except Custom dates 2. After each one, read all KPIs and tables | G20: This month … Last 12 months | H20: Selected option stays shown; report reloads (API ?period=<value>); every KPI and table shows valid values, no NaN/blank | I20: To verify | J20: Dropdown | K20: High | L20: Pass | M20: [Run 16-Oct-2026 12:37, build v1.0 1610-47] Passed
A21: SR-020 | B21: Period filter | C21: Period scope | D21: The period changes only won / lost figures | E21: Logged in as CRM Administrator; Sales Reports open (https://qa-crm.asquareab.com/reports/sales); Period = Last 12 months; all filters on "All …"; view = All | F21: 1. Note every KPI and all three tables 2. Select "This month" 3. Compare | G21: Last 12 months → This month | H21: CHANGE: Won in period, Won value, Win rate, Average days to win, and Salesperson Pipeline Won / Won Value / Lost / Win %. UNCHANGED: Open opportunities, Pipeline value, Weighted pipeline, Past expected close, the whole Open Pipeline by Stage table, Salesperson Open / Pipeline / Weighted, the Open Opportunities list | I21: To verify | J21: Functional | K21: High | L21: Pass | M21: [Run 16-Oct-2026 12:37, build v1.0 1610-47] Passed
A22: SR-021 | B22: Period filter | C22: Custom dates | D22: Custom dates shows From and To fields | E22: Logged in as CRM Administrator; Sales Reports open (https://qa-crm.asquareab.com/reports/sales) | F22: 1. Select "Custom dates" 2. Select "Last month" | H22: Step 1: From and To date fields appear; step 2: the fields disappear and Last month figures load | I22: To verify | J22: Dropdown | K22: Medium | L22: Pass | M22: [Run 16-Oct-2026 12:37, build v1.0 1610-47] Passed
A23: SR-022 | B23: Period filter | C23: Custom dates | D23: A valid custom range reloads the report | E23: Logged in as CRM Administrator; Sales Reports open (https://qa-crm.asquareab.com/reports/sales) | F23: 1. Select "Custom dates" 2. From = 01-Sep-2026, To = 30-Sep-2026 | G23: 01-Sep-2026 → 30-Sep-2026 | H23: Report reloads (API period=custom&from=2026-09-01&to=2026-09-30); won/lost figures are for September only | I23: To verify | J23: Functional | K23: High | L23: Pass | M23: [Run 16-Oct-2026 12:37, build v1.0 1610-47] Passed
A24: SR-023 | B24: Period filter | C24: Custom dates | D24: From later than To is rejected with a message | E24: Logged in as CRM Administrator; Sales Reports open (https://qa-crm.asquareab.com/reports/sales) | F24: 1. Select "Custom dates" 2. From = 30-Sep-2026, To = 01-Sep-2026 | G24: 30-Sep-2026 → 01-Sep-2026 | H24: A validation message is shown; the report is not reloaded with an invalid range | I24: To verify | J24: Negative | K24: Medium | L24: Fail | M24: [Run 16-Oct-2026 12:37, build v1.0 1610-47] Error: Validation message expect(locator).toBeVisible() failed Locator: locator('//main//section[contains(@class,\'crm-panel\')][.//select]').first().getByText(/before|after|invalid|must be|cannot be|earlier|later/i).first() Expected: visible (see OBS-17) Lead Reports shows no message here (Lead OBS-02)
A25: SR-024 | B25: Period filter | C25: Custom dates | D25: Only one date entered does not reload the report | E25: Logged in as CRM Administrator; Sales Reports open (https://qa-crm.asquareab.com/reports/sales) | F25: 1. Select "Custom dates" 2. Enter only From = 01-Sep-2026 | H25: No request with an incomplete range; figures stay unchanged until both dates are valid (or a hint asks for To) | I25: To verify | J25: Negative | K25: Low | L25: Pass | M25: [Run 16-Oct-2026 12:37, build v1.0 1610-47] Passed
A26: SR-025 | B26: Period filter | C26: Custom dates | D26: Future range shows zero won / lost, open figures unchanged | E26: Logged in as CRM Administrator; Sales Reports open (https://qa-crm.asquareab.com/reports/sales); Period = Last 12 months; all filters on "All …"; view = All | F26: 1. Select "Custom dates" 2. From = 01-Jan-2027, To = 31-Jan-2027 | G26: 01-Jan-2027 → 31-Jan-2027 | H26: Won in period 0; Won value 0 USD; Win rate "—"; Average days to win "—"; Salesperson Won/Lost 0, Win % "—"; Open opportunities, Pipeline, Weighted, Past expected close and the stage table unchanged | I26: To verify | J26: Negative | K26: Medium | L26: Pass | M26: [Run 16-Oct-2026 12:37, build v1.0 1610-47] Passed
A27: SR-026 | B27: Period filter | C27: Custom dates | D27: Range with no data shows zeros, not NaN | E27: Logged in as CRM Administrator; Sales Reports open (https://qa-crm.asquareab.com/reports/sales) | F27: 1. Select "Custom dates" 2. From = 01-Jan-2000, To = 31-Jan-2000 | G27: 01-Jan-2000 → 31-Jan-2000 | H27: Same as a future range: zeros and "—"; no NaN, undefined or blank values; no error | I27: To verify | J27: Negative | K27: Medium | L27: Pass | M27: [Run 16-Oct-2026 12:37, build v1.0 1610-47] Passed
A28: SR-027 | B28: Period filter | C28: Custom dates | D28: Range boundaries are inclusive | E28: An opportunity won (SPA signed) on a known date D | F28: 1. Select "Custom dates" 2. From = D, To = D | G28: From = To = D | H28: Won in period ≥ 1 and includes the SPA signed on D; Won value includes its value | I28: To verify | J28: Functional | K28: Medium | L28: Pass | M28: [Run 16-Oct-2026 12:37, build v1.0 1610-47] Passed
A29: SR-028 | B29: Period filter | C29: Period dropdown | D29: Period dropdown works from the keyboard | E29: Logged in as CRM Administrator; Sales Reports open (https://qa-crm.asquareab.com/reports/sales) | F29: 1. Tab to the Period dropdown 2. Use arrow keys to choose "Last month" 3. Press Enter / Tab away | H29: Focus is visible; the selection changes and the report reloads for Last month | I29: To verify | J29: Accessibility | K29: Low | L29: Pass | M29: [Run 16-Oct-2026 12:37, build v1.0 1610-47] Passed
A30: SR-029 | B30: Dropdown filters | C30: Project dropdown | D30: "Project" dropdown label and default | E30: Logged in as CRM Administrator; Sales Reports open (https://qa-crm.asquareab.com/reports/sales) | F30: 1. Read the "Project" dropdown | H30: Label "Project"; "All projects" is the first option and is selected by default | I30: As expected | J30: Dropdown | K30: High | L30: Pass | M30: [Run 16-Oct-2026 12:37, build v1.0 1610-47] Passed
A31: SR-030 | B31: Dropdown filters | C31: Project dropdown | D31: "Project" options match the master data | E31: Logged in as CRM Administrator; Sales Reports open (https://qa-crm.asquareab.com/reports/sales) | F31: 1. Open the "Project" dropdown 2. Compare the options with the source list | G31: Source: the project master (Projects / Inventory Reports › Inventory by Project) | H31: Every project from the source appears exactly once; no blank, duplicate, "undefined" or deleted / inactive entries; options sorted A→Z after "All projects" | I31: To verify | J31: Dropdown | K31: Medium | L31: Pass | M31: [Run 16-Oct-2026 12:37, build v1.0 1610-47] Passed
A32: SR-031 | B32: Dropdown filters | C32: Project dropdown | D32: "Project" filter narrows the report | E32: Logged in as CRM Administrator; Sales Reports open (https://qa-crm.asquareab.com/reports/sales); Period = Last 12 months; all filters on "All …"; view = All | F32: 1. Note all KPIs 2. Select a project from the dropdown 3. Read KPIs and tables 4. Open 2–3 rows of Open Opportunities and check the record | H32: Report reloads for that project only; every count and amount ≤ unfiltered; every Open Opportunities row belongs to that project | I32: To verify | J32: Functional | K32: High | L32: Pass | M32: [Run 16-Oct-2026 12:37, build v1.0 1610-47] Passed
A33: SR-032 | B33: Dropdown filters | C33: Salesperson dropdown | D33: "Salesperson" dropdown label and default | E33: Logged in as CRM Administrator; Sales Reports open (https://qa-crm.asquareab.com/reports/sales) | F33: 1. Read the "Salesperson" dropdown | H33: Label "Salesperson"; "All salespeople" is the first option and is selected by default | I33: As expected | J33: Dropdown | K33: High | L33: Pass | M33: [Run 16-Oct-2026 12:37, build v1.0 1610-47] Passed
A34: SR-033 | B34: Dropdown filters | C34: Salesperson dropdown | D34: "Salesperson" options match the master data | E34: Logged in as CRM Administrator; Sales Reports open (https://qa-crm.asquareab.com/reports/sales) | F34: 1. Open the "Salesperson" dropdown 2. Compare the options with the source list | G34: Source: active sales users; must include every name in Salesperson Pipeline (CRM Administrator, QA Lead Reviewer, QA Sales Manager, Mahalakshmi) | H34: Every salesperson from the source appears exactly once; no blank, duplicate, "undefined" or deleted / inactive entries; options sorted A→Z after "All salespeople" | I34: To verify | J34: Dropdown | K34: Medium | L34: Pass | M34: [Run 16-Oct-2026 12:37, build v1.0 1610-47] Passed
A35: SR-034 | B35: Dropdown filters | C35: Salesperson dropdown | D35: "Salesperson" filter narrows the report | E35: Logged in as CRM Administrator; Sales Reports open (https://qa-crm.asquareab.com/reports/sales); Period = Last 12 months; all filters on "All …"; view = All | F35: 1. Note all KPIs 2. Select a salesperson from the dropdown 3. Read KPIs and tables 4. Open 2–3 rows of Open Opportunities and check the record | H35: Report reloads for that salesperson only; every count and amount ≤ unfiltered; every Open Opportunities row belongs to that salesperson | I35: To verify | J35: Functional | K35: High | L35: Pass | M35: [Run 16-Oct-2026 12:37, build v1.0 1610-47] Passed
A36: SR-035 | B36: Dropdown filters | C36: Broker dropdown | D36: "Broker" dropdown label and default | E36: Logged in as CRM Administrator; Sales Reports open (https://qa-crm.asquareab.com/reports/sales) | F36: 1. Read the "Broker" dropdown | H36: Label "Broker"; "All brokers" is the first option and is selected by default | I36: As expected | J36: Dropdown | K36: High | L36: Pass | M36: [Run 16-Oct-2026 12:37, build v1.0 1610-47] Passed
A37: SR-036 | B37: Dropdown filters | C37: Broker dropdown | D37: "Broker" options match the master data | E37: Logged in as CRM Administrator; Sales Reports open (https://qa-crm.asquareab.com/reports/sales) | F37: 1. Open the "Broker" dropdown 2. Compare the options with the source list | G37: Source: active brokers (Broker Reports › Broker Performance) | H37: Every broker from the source appears exactly once; no blank, duplicate, "undefined" or deleted / inactive entries; options sorted A→Z after "All brokers" | I37: To verify | J37: Dropdown | K37: Medium | L37: Fail | M37: [Run 16-Oct-2026 12:37, build v1.0 1610-47] Error: Every source entry is offered expect(received).toEqual(expected) // deep equality - Expected - 1 + Received + 4 (see OBS-16)
A38: SR-037 | B38: Dropdown filters | C38: Broker dropdown | D38: "Broker" filter narrows the report | E38: Logged in as CRM Administrator; Sales Reports open (https://qa-crm.asquareab.com/reports/sales); Period = Last 12 months; all filters on "All …"; view = All | F38: 1. Note all KPIs 2. Select a broker from the dropdown 3. Read KPIs and tables 4. Open 2–3 rows of Open Opportunities and check the record | H38: Report reloads for that broker only; every count and amount ≤ unfiltered; every Open Opportunities row belongs to that broker | I38: To verify | J38: Functional | K38: High | L38: Pass | M38: [Run 16-Oct-2026 12:37, build v1.0 1610-47] Passed
A39: SR-038 | B39: Dropdown filters | C39: Campaign dropdown | D39: "Campaign" dropdown label and default | E39: Logged in as CRM Administrator; Sales Reports open (https://qa-crm.asquareab.com/reports/sales) | F39: 1. Read the "Campaign" dropdown | H39: Label "Campaign"; "All campaigns" is the first option and is selected by default | I39: As expected | J39: Dropdown | K39: High | L39: Pass | M39: [Run 16-Oct-2026 12:37, build v1.0 1610-47] Passed
A40: SR-039 | B40: Dropdown filters | C40: Campaign dropdown | D40: "Campaign" options match the master data | E40: Logged in as CRM Administrator; Sales Reports open (https://qa-crm.asquareab.com/reports/sales) | F40: 1. Open the "Campaign" dropdown 2. Compare the options with the source list | G40: Source: campaigns (Marketing Reports › Campaign Performance) | H40: Every campaign from the source appears exactly once; no blank, duplicate, "undefined" or deleted / inactive entries; options sorted A→Z after "All campaigns" | I40: To verify | J40: Dropdown | K40: Medium | L40: Pass | M40: [Run 16-Oct-2026 12:37, build v1.0 1610-47] Passed
A41: SR-040 | B41: Dropdown filters | C41: Campaign dropdown | D41: "Campaign" filter narrows the report | E41: Logged in as CRM Administrator; Sales Reports open (https://qa-crm.asquareab.com/reports/sales); Period = Last 12 months; all filters on "All …"; view = All | F41: 1. Note all KPIs 2. Select a campaign from the dropdown 3. Read KPIs and tables 4. Open 2–3 rows of Open Opportunities and check the record | H41: Report reloads for that campaign only; every count and amount ≤ unfiltered; every Open Opportunities row belongs to that campaign | I41: To verify | J41: Functional | K41: High | L41: Pass | M41: [Run 16-Oct-2026 12:37, build v1.0 1610-47] Passed
A42: SR-041 | B42: Dropdown filters | C42: Salesperson dropdown | D42: Salespeople with the same name can be told apart | E42: Logged in as CRM Administrator; Sales Reports open (https://qa-crm.asquareab.com/reports/sales) | F42: 1. Open the "Salesperson" dropdown 2. Look for repeated names 3. Select each one | H42: Same-name users are distinguishable (e.g. email or code shown); each option filters to that user only | I42: To verify | J42: Dropdown | K42: Medium | L42: Fail | M42: [Run 16-Oct-2026 12:37, build v1.0 1610-47] Error: Salesperson options that look the same expect(received).toEqual(expected) // deep equality - Expected - 1 + Received + 3 (see OBS-15) Lead Reports lists "Mahalakshmi" twice (Lead OBS-06)
A43: SR-042 | B43: Dropdown filters | C43: Salesperson dropdown | D43: Salesperson with only a won deal (no open opportunities) | E43: Logged in as CRM Administrator; Sales Reports open (https://qa-crm.asquareab.com/reports/sales); Period = Last 12 months; all filters on "All …"; view = All | F43: 1. Select Salesperson = Mahalakshmi | G43: Mahalakshmi | H43: Open opportunities 0; Pipeline 0 USD; Weighted 0 USD; Past expected close 0; stage table and Open Opportunities show the empty-state message; Won in period, Won value and Win rate equal Mahalakshmi's row in the unfiltered Salesperson Pipeline (1, 1.33M USD, 100%) | I43: To verify | J43: Functional | K43: Medium | L43: Pass | M43: [Run 16-Oct-2026 12:37, build v1.0 1610-47] Passed
A44: SR-043 | B44: Dropdown filters | C44: Project dropdown | D44: Project with no opportunities shows zeros and empty tables | E44: Logged in as CRM Administrator; Sales Reports open (https://qa-crm.asquareab.com/reports/sales) | F44: 1. Select a project that has no opportunities | H44: All counts 0, amounts 0 USD, Win rate and Average days to win "—"; tables show an empty-state message (not a blank grid); no error | I44: To verify | J44: Negative | K44: Medium | L44: Pass | M44: [Run 16-Oct-2026 12:37, build v1.0 1610-47] Passed
A45: SR-044 | B45: Dropdown filters | C45: Combination | D45: Two filters combine (AND) | E45: Logged in as CRM Administrator; Sales Reports open (https://qa-crm.asquareab.com/reports/sales); Period = Last 12 months; all filters on "All …"; view = All | F45: 1. Select a Project; note Open opportunities 2. Reset; select a Salesperson; note it 3. Select both together | H45: Combined result ≤ each filter alone; every Open Opportunities row matches both the project and the salesperson | I45: To verify | J45: Functional | K45: High | L45: Pass | M45: [Run 16-Oct-2026 12:37, build v1.0 1610-47] Passed
A46: SR-045 | B46: Dropdown filters | C46: Combination | D46: Every filter, period and view together | E46: Logged in as CRM Administrator; Sales Reports open (https://qa-crm.asquareab.com/reports/sales) | F46: 1. Choose Period = This quarter, a Project, a Salesperson, a Broker, a Campaign and view Mine | H46: Report reloads without errors; figures are valid (zeros allowed); Reset filters afterwards restores the defaults | I46: To verify | J46: Functional | K46: Medium | L46: Pass | M46: [Run 16-Oct-2026 12:37, build v1.0 1610-47] Passed
A47: SR-046 | B47: Dropdown filters | C47: Behaviour | D47: Fast switching shows the figures of the last selection | E47: Logged in as CRM Administrator; Sales Reports open (https://qa-crm.asquareab.com/reports/sales); Period = Last 12 months; all filters on "All …"; view = All | F47: 1. Quickly change Salesperson 4–5 times, ending on QA Lead Reviewer | H47: Final figures belong to QA Lead Reviewer (an earlier, slower response must not overwrite them) | I47: To verify | J47: Functional | K47: Medium | L47: Pass | M47: [Run 16-Oct-2026 12:37, build v1.0 1610-47] Passed
A48: SR-047 | B48: Dropdown filters | C48: Behaviour | D48: Filters after a page reload | E48: Logged in as CRM Administrator; Sales Reports open (https://qa-crm.asquareab.com/reports/sales) | F48: 1. Choose a Project and Period = Last month 2. Reload the page (F5) | H48: Agreed behaviour (same as Lead Reports LR-033): filters reset to defaults and the figures match the defaults | I48: To verify | J48: Functional | K48: Medium | L48: Pass | M48: [Run 16-Oct-2026 12:37, build v1.0 1610-47] Passed
A49: SR-048 | B49: Dropdown filters | C49: Behaviour | D49: Filters after leaving and returning to Sales | E49: Logged in as CRM Administrator; Sales Reports open (https://qa-crm.asquareab.com/reports/sales) | F49: 1. Choose a Salesperson 2. Click the Inventory tab 3. Click the Sales tab | H49: Sales opens with defaults (or keeps the selection — whichever is agreed); figures always match the filters shown | I49: To verify | J49: Functional | K49: Low | L49: Pass | M49: [Run 16-Oct-2026 12:37, build v1.0 1610-47] Passed Confirm expected behaviour with BA
A50: SR-049 | B50: Dropdown filters | C50: Layout | D50: Long option names are readable | E50: Logged in as CRM Administrator; Sales Reports open (https://qa-crm.asquareab.com/reports/sales) | F50: 1. Open each dropdown and look at the longest option 2. Select it | H50: Long names are not cut so that two options look the same; the selected value is readable in the closed dropdown (tooltip or ellipsis) | I50: To verify | J50: UI | K50: Low | L50: Fail | M50: [Run 16-Oct-2026 12:37, build v1.0 1610-47] Error: Longest options fit their dropdown (or have a tooltip) expect(received).toEqual(expected) // deep equality - Expected - 1 + Received + 3 (see OBS-18)
A51: SR-050 | B51: Dropdown filters | C51: Accessibility | D51: Filter dropdowns are labelled and keyboard operable | E51: Logged in as CRM Administrator; Sales Reports open (https://qa-crm.asquareab.com/reports/sales) | F51: 1. Tab through the filter bar 2. Inspect each dropdown with a screen reader / accessibility tree | H51: Each dropdown is announced with its label (Project, Salesperson, Broker, Campaign); arrow keys change the selection and reload the report | I51: To verify | J51: Accessibility | K51: Low | L51: Pass | M51: [Run 16-Oct-2026 12:37, build v1.0 1610-47] Passed
A52: SR-051 | B52: Reset filters | C52: Reset button | D52: Reset filters is disabled while nothing is changed | E52: Logged in as CRM Administrator; Sales Reports open (https://qa-crm.asquareab.com/reports/sales) | F52: 1. Look at "Reset filters" right after opening the page | H52: Button is disabled (greyed, not clickable) | I52: To verify | J52: UI | K52: Medium | L52: Pass | M52: [Run 16-Oct-2026 12:37, build v1.0 1610-47] Passed
A53: SR-052 | B53: Reset filters | C53: Reset button | D53: Reset filters restores every default | E53: Logged in as CRM Administrator; Sales Reports open (https://qa-crm.asquareab.com/reports/sales) | F53: 1. Note all KPIs 2. Set Period = Custom dates (any range), Project, Salesperson, Broker and Campaign 3. Click "Reset filters" | H53: Period back to the default; From/To hidden and cleared; all four dropdowns back to "All …"; every KPI and table back to the noted values; button disabled again | I53: To verify | J53: Functional | K53: High | L53: Pass | M53: [Run 16-Oct-2026 12:37, build v1.0 1610-47] Passed
A54: SR-053 | B54: Reset filters | C54: Reset button | D54: Reset filters and the view buttons | E54: Logged in as CRM Administrator; Sales Reports open (https://qa-crm.asquareab.com/reports/sales) | F54: 1. Click "Mine" 2. Choose a Project 3. Click "Reset filters" | H54: Project returns to "All projects"; the view stays on Mine (Reset covers the filter bar only) — or returns to the default view if that is the agreed rule | I54: To verify | J54: Functional | K54: Low | L54: Pass | M54: [Run 16-Oct-2026 12:37, build v1.0 1610-47] Passed Confirm expected behaviour with BA
A55: SR-054 | B55: KPI cards | C55: All KPIs | D55: Every KPI shows a valid, non-negative value | E55: Logged in as CRM Administrator; Sales Reports open (https://qa-crm.asquareab.com/reports/sales); Period = Last 12 months; all filters on "All …"; view = All | F55: 1. Read all 8 KPI cards | H55: No blank, NaN, undefined, negative or "Infinity" values | I55: Open 39 · Pipeline 2.17B USD · Weighted 1.65B USD · Won 78 · Won value 149.91M USD · Win rate 97.5% · Avg days 10 d · Past expected close 23 | J55: Functional | K55: High | L55: Pass | M55: [Run 16-Oct-2026 12:37, build v1.0 1610-47] Passed
... A72: SR-071 | B72: Open Opportunities | C72: Rows | D72: Only open opportunities are listed | E72: Logged in as CRM Administrator; Sales Reports open (https://qa-crm.asquareab.com/reports/sales) | F72: 1. Check the Stage column (use Export for all rows) | H72: No row with stage Won, Lost or any closed stage | I72: Visible rows: Reservation Ready only | J72: Functional | K72: High | L72: Pass | M72: [Run 16-Oct-2026 12:37, build v1.0 1610-47] Passed
A73: SR-072 | B73: Open Opportunities | C73: Link | D73: Opportunity reference opens the record with the same values | E73: Logged in as CRM Administrator; Sales Reports open (https://qa-crm.asquareab.com/reports/sales) | F73: 1. Note the first row 2. Click its reference (e.g. OPP-2026-0063) | G73: OPP-2026-0063 | H73: Opportunity detail opens; Customer, Stage, Owner, Value, Probability and Expected close date equal the row (Buyer63 Demo, Reservation Ready, CRM Administrator, 1.1M USD, 85%, 17 Jun 2026) | I73: To verify | J73: Functional | K73: High | L73: Fail | M73: [Run 16-Oct-2026 12:37, build v1.0 1610-47] Error: Expected close shown as a date, not a raw timestamp expect(received).not.toMatch(expected) Expected pattern: not /T\d{2}:\d{2}/ Received string: "2026-06-17T00:00:00.000Z" (see OBS-09)
A74: SR-073 | B74: Open Opportunities | C74: Overdue rows | D74: Rows past their expected close are highlighted | E74: Logged in as CRM Administrator; Sales Reports open (https://qa-crm.asquareab.com/reports/sales) | F74: 1. Look at rows whose Expected Close is before today | H74: Overdue rows are visibly flagged (colour / badge) so they match the Past expected close KPI | I74: Not flagged (OBS-05) | J74: UI | K74: Low | L74: Fail | M74: [Run 16-Oct-2026 12:37, build v1.0 1610-47] Error: Overdue rows that look like on-time rows expect(received).toBe(expected) // Object.is equality Expected: 0 Received: 23 (see OBS-05)
A75: SR-074 | B75: Open Opportunities | C75: Volume | D75: Large lists: all rows or a clear cap | E75: Logged in as CRM Administrator; Sales Reports open (https://qa-crm.asquareab.com/reports/sales) | F75: 1. Count the rows 2. If the list stops at a fixed number, look for a message / pager | H75: Either every open opportunity is listed, or a message such as "showing the first N" is shown and Export contains all of them | I75: To verify | J75: Functional | K75: Medium | L75: Pass | M75: [Run 16-Oct-2026 12:37, build v1.0 1610-47] Passed
A76: SR-075 | B76: Open Opportunities | C76: Empty state | D76: Empty list shows a message | E76: Logged in as CRM Administrator; Sales Reports open (https://qa-crm.asquareab.com/reports/sales) | F76: 1. Filter to a project / salesperson with no open opportunities | H76: An empty-state message (e.g. "No open opportunities") instead of an empty grid; Export does not fail | I76: To verify | J76: Negative | K76: Medium | L76: Pass | M76: [Run 16-Oct-2026 12:37, build v1.0 1610-47] Passed
A77: SR-076 | B77: Export | C77: Open Pipeline by Stage | D77: Open Pipeline by Stage Export downloads a matching file | E77: Logged in as CRM Administrator; Sales Reports open (https://qa-crm.asquareab.com/reports/sales); Period = Last 12 months; all filters on "All …"; view = All | F77: 1. Click Export on "Open Pipeline by Stage" 2. Open the downloaded file | H77: An .xlsx file downloads; columns equal the table headers; rows equal the table rows; includes the Total row | I77: To verify | J77: Functional | K77: High | L77: Pass | M77: [Run 16-Oct-2026 12:37, build v1.0 1610-47] Passed
A78: SR-077 | B78: Export | C78: Salesperson Pipeline | D78: Salesperson Pipeline Export downloads a matching file | E78: Logged in as CRM Administrator; Sales Reports open (https://qa-crm.asquareab.com/reports/sales); Period = Last 12 months; all filters on "All …"; view = All | F78: 1. Click Export on "Salesperson Pipeline" 2. Open the downloaded file | H78: An .xlsx file downloads; columns equal the table headers; rows equal the table rows; one row per salesperson | I78: To verify | J78: Functional | K78: High | L78: Pass | M78: [Run 16-Oct-2026 12:37, build v1.0 1610-47] Passed
A79: SR-078 | B79: Export | C79: Open Opportunities | D79: Open Opportunities Export downloads a matching file | E79: Logged in as CRM Administrator; Sales Reports open (https://qa-crm.asquareab.com/reports/sales); Period = Last 12 months; all filters on "All …"; view = All | F79: 1. Click Export on "Open Opportunities" 2. Open the downloaded file | H79: An .xlsx file downloads; columns equal the table headers; rows equal the table rows; all open opportunities (≥ rows on screen if the list is capped) | I79: To verify | J79: Functional | K79: High | L79: Pass | M79: [Run 16-Oct-2026 12:37, build v1.0 1610-47] Passed
A80: SR-079 | B80: Export | C80: All panels | D80: Export follows the filters, view and period | E80: Logged in as CRM Administrator; Sales Reports open (https://qa-crm.asquareab.com/reports/sales); Period = Last 12 months; all filters on "All …"; view = All | F80: 1. Select Salesperson = QA Lead Reviewer 2. Export Open Opportunities and Salesperson Pipeline | G80: QA Lead Reviewer | H80: Open Opportunities file has only QA Lead Reviewer rows (4); Salesperson file has only that salesperson | I80: To verify | J80: Functional | K80: High | L80: Pass | M80: [Run 16-Oct-2026 12:37, build v1.0 1610-47] Passed
A81: SR-080 | B81: Export | C81: All panels | D81: Export of an empty table | E81: Logged in as CRM Administrator; Sales Reports open (https://qa-crm.asquareab.com/reports/sales) | F81: 1. Filter to a selection with no data 2. Click Export on each panel | H81: A file with headers only (or Export disabled with a hint); no error | I81: To verify | J81: Negative | K81: Low | L81: Pass | M81: [Run 16-Oct-2026 12:37, build v1.0 1610-47] Passed
A82: SR-081 | B82: Export | C82: All panels | D82: Exported file name identifies the report and date | E82: Logged in as CRM Administrator; Sales Reports open (https://qa-crm.asquareab.com/reports/sales) | F82: 1. Export each panel 2. Read the file names | H82: File name contains the panel/report name and the export date; three panels give three different names | I82: To verify | J82: UI | K82: Low | L82: Pass | M82: [Run 16-Oct-2026 12:37, build v1.0 1610-47] Passed
A83: SR-082 | B83: Number matching | C83: Open opportunities | D83: Open opportunities = Stage table Total | E83: Logged in as CRM Administrator; Sales Reports open (https://qa-crm.asquareab.com/reports/sales); Period = Last 12 months; all filters on "All …"; view = All | F83: 1. Read KPI "Open opportunities" 2. Read the stage table Total › Opportunities | H83: Equal (exact) | I83: 39 = 39 ✔ | J83: Data | K83: High | L83: Pass | M83: [Run 16-Oct-2026 12:37, build v1.0 1610-47] Passed
A84: SR-083 | B84: Number matching | C84: Open opportunities | D84: Open opportunities = sum of Salesperson "Open" | E84: Logged in as CRM Administrator; Sales Reports open (https://qa-crm.asquareab.com/reports/sales); Period = Last 12 months; all filters on "All …"; view = All | F84: 1. Add up the Open column | H84: Equal (exact) | I84: 34 + 4 + 1 + 0 = 39 ✔ | J84: Data | K84: High | L84: Pass | M84: [Run 16-Oct-2026 12:37, build v1.0 1610-47] Passed
A85: SR-084 | B85: Number matching | C85: Open opportunities | D85: Open opportunities = rows in Open Opportunities list | E85: Logged in as CRM Administrator; Sales Reports open (https://qa-crm.asquareab.com/reports/sales); Period = Last 12 months; all filters on "All …"; view = All | F85: 1. Count the list rows (or the export rows) | H85: Equal (exact) | I85: To verify | J85: Data | K85: High | L85: Pass | M85: [Run 16-Oct-2026 12:37, build v1.0 1610-47] Passed
A86: SR-085 | B86: Number matching | C86: Open opportunities | D86: Stage "Opportunities" = list rows with that stage | E86: Logged in as CRM Administrator; Sales Reports open (https://qa-crm.asquareab.com/reports/sales); Period = Last 12 months; all filters on "All …"; view = All | F86: 1. Export Open Opportunities 2. Count rows per Stage | H86: Each stage count equals its row in the stage table | I86: To verify | J86: Data | K86: High | L86: Pass | M86: [Run 16-Oct-2026 12:37, build v1.0 1610-47] Passed
A87: SR-086 | B87: Number matching | C87: Open opportunities | D87: Salesperson "Open" = list rows for that salesperson | E87: Logged in as CRM Administrator; Sales Reports open (https://qa-crm.asquareab.com/reports/sales); Period = Last 12 months; all filters on "All …"; view = All | F87: 1. Export Open Opportunities 2. Count rows per Salesperson | H87: Each count equals the Open column of that salesperson | I87: To verify | J87: Data | K87: High | L87: Pass | M87: [Run 16-Oct-2026 12:37, build v1.0 1610-47] Passed
A88: SR-087 | B88: Number matching | C88: Pipeline value | D88: Pipeline value = Stage table Total Value = sum of stage values | E88: Logged in as CRM Administrator; Sales Reports open (https://qa-crm.asquareab.com/reports/sales); Period = Last 12 months; all filters on "All …"; view = All | F88: 1. Read KPI 2. Add up Value (USD) of the stage rows 3. Read the Total row | H88: Equal within rounding (±0.5%) | I88: 115.02M + 16.42M + 1M + 2.04B = 2.172B ≈ 2.17B ✔ | J88: Data | K88: High | L88: Pass | M88: [Run 16-Oct-2026 12:37, build v1.0 1610-47] Passed
A89: SR-088 | B89: Number matching | C89: Pipeline value | D89: Pipeline value = sum of Salesperson Pipeline | E89: Logged in as CRM Administrator; Sales Reports open (https://qa-crm.asquareab.com/reports/sales); Period = Last 12 months; all filters on "All …"; view = All | F89: 1. Add up Pipeline (USD) | H89: Equal within rounding (±0.5%) | I89: 2.17B + 3.24M + 1.5M + 0 ≈ 2.17B ✔ | J89: Data | K89: High | L89: Pass | M89: [Run 16-Oct-2026 12:37, build v1.0 1610-47] Passed
A90: SR-089 | B90: Number matching | C90: Pipeline value | D90: Pipeline value = sum of Value in Open Opportunities | E90: Logged in as CRM Administrator; Sales Reports open (https://qa-crm.asquareab.com/reports/sales); Period = Last 12 months; all filters on "All …"; view = All | F90: 1. Export Open Opportunities 2. Sum the Value column | H90: Equal within rounding (±0.5%); per stage and per salesperson sums also match their table rows | I90: To verify | J90: Data | K90: High | L90: Pass | M90: [Run 16-Oct-2026 12:37, build v1.0 1610-47] Passed
A91: SR-090 | B91: Number matching | C91: Weighted pipeline | D91: Weighted pipeline = Stage table Total Weighted = sum of stage weighted | E91: Logged in as CRM Administrator; Sales Reports open (https://qa-crm.asquareab.com/reports/sales); Period = Last 12 months; all filters on "All …"; view = All | F91: 1. Add up Weighted (USD) of the stage rows | H91: Equal within rounding (±0.5%) | I91: 103.51M + 9.85M + 0.85M + 1.53B = 1.644B ≈ 1.65B ✔ (rounding) | J91: Data | K91: High | L91: Pass | M91: [Run 16-Oct-2026 12:37, build v1.0 1610-47] Passed
A92: SR-091 | B92: Number matching | C92: Weighted pipeline | D92: Weighted pipeline = sum of Salesperson Weighted | E92: Logged in as CRM Administrator; Sales Reports open (https://qa-crm.asquareab.com/reports/sales); Period = Last 12 months; all filters on "All …"; view = All | F92: 1. Add up Weighted (USD) | H92: Equal within rounding (±0.5%) | I92: 1.65B + 2.1M + 0.9M + 0 ≈ 1.65B ✔ | J92: Data | K92: High | L92: Pass | M92: [Run 16-Oct-2026 12:37, build v1.0 1610-47] Passed
... A133: SR-132 | B133: Non-functional | C133: Accessibility | D133: Tables and Export buttons are accessible | E133: Logged in as CRM Administrator | F133: 1. Inspect with a screen reader / accessibility tree | H133: Tables use header cells; each Export button is identifiable by its panel; text contrast is sufficient | I133: To verify | J133: Accessibility | K133: Low | L133: Fail | M133: [Run 16-Oct-2026 12:37, build v1.0 1610-47] Error: Each Export button can be told apart (aria-label / description names its panel) expect(received).toBe(expected) // Object.is equality Expected: 3 Received: 1 (see OBS-19)

Sheet Number Reconciliation
A1: Sales Reports — Number Reconciliation
A2: Yellow cells are inputs: type the figures shown on screen (amounts in millions USD, e.g. 2.17B → 2170). Pre-filled with the 16-Oct-2026 screenshots (Last 12 months, all filters, view All). The Checks section recalculates. Amount tolerance 0.5% (display rounding), counts exact.
A4: Inputs — KPI cards
B5: KPI | C5: Value | D5: Unit
B6: Open opportunities | C6: 39 | D6: count
B7: Pipeline value | C7: 2170 | D7: M USD
B8: Weighted pipeline | C8: 1650 | D8: M USD
B9: Won in period | C9: 78 | D9: count
B10: Won value | C10: 149.91 | D10: M USD
B11: Win rate | C11: 97.5 | D11: %
B12: Average days to win | C12: 10 | D12: days
B13: Past expected close | C13: 23 | D13: count
A15: Inputs — Open Pipeline by Stage
B16: Stage | C16: Opportunities | D16: Value (M USD) | E16: Weighted (M USD) | F16: Share of Value % | G16: Implied prob. % | H16: Computed share %
B17: Site Visit | C17: 4 | D17: 115.02 | E17: 103.51 | F17: 5.3 | G17: =IF(D17=0,"—",E17/D17*100) | H17: =IF(SUM($D$17:$D$20)=0,0,D17/SUM($D$17:$D$20)*100)
B18: Negotiation | C18: 4 | D18: 16.42 | E18: 9.85 | F18: 0.8 | G18: =IF(D18=0,"—",E18/D18*100) | H18: =IF(SUM($D$17:$D$20)=0,0,D18/SUM($D$17:$D$20)*100)
B19: Proposal | C19: 1 | D19: 1 | E19: 0.85 | F19: 0 | G19: =IF(D19=0,"—",E19/D19*100) | H19: =IF(SUM($D$17:$D$20)=0,0,D19/SUM($D$17:$D$20)*100)
B20: Reservation Ready | C20: 30 | D20: 2040 | E20: 1530 | F20: 93.9 | G20: =IF(D20=0,"—",E20/D20*100) | H20: =IF(SUM($D$17:$D$20)=0,0,D20/SUM($D$17:$D$20)*100)
B21: Total row (as shown) | C21: 39 | D21: 2170 | E21: 1650 | F21: 100
A23: Inputs — Salesperson Pipeline
B24: Salesperson | C24: Open | D24: Pipeline (M USD) | E24: Weighted (M USD) | F24: Won | G24: Won Value (M USD) | H24: Lost | I24: Win % (shown)
B25: CRM Administrator | C25: 34 | D25: 2170 | E25: 1650 | F25: 76 | G25: 147.42 | H25: 2 | I25: 97.4
B26: QA Lead Reviewer | C26: 4 | D26: 3.24 | E26: 2.1 | F26: 1 | G26: 1.16 | H26: 0 | I26: 100
B27: QA Sales Manager | C27: 1 | D27: 1.5 | E27: 0.9 | F27: 0 | G27: 0 | H27: 0
B28: Mahalakshmi | C28: 0 | D28: 0 | E28: 0 | F28: 1 | G28: 1.33 | H28: 0 | I28: 100
B29: (add rows above if more salespeople)
A31: Inputs — Open Opportunities list (count from screen or the Export file)
B32: Figure | C32: Value
B33: Rows in the list
B34: Σ Value (M USD)
B35: Σ Value × Probability (M USD)
B36: Rows with Expected Close before today
A38: Checks
A39: # | B39: Check | C39: Related TC | D39: Left | E39: Right | F39: Difference | G39: Tolerance | H39: Result
A40: 1 | B40: Open opportunities = Stage Total | C40: SR-082 | D40: =IF(ISBLANK(C6),"",C6) | E40: =IF(ISBLANK(C21),"",C21) | F40: =IF(OR(D40="",E40=""),"",D40-E40) | G40: =0 | H40: =IF(OR(D40="",E40=""),"Not checked",IF(ABS(D40-E40)<=G40+0.000001,"Match","Mismatch"))
A41: 2 | B41: Open opportunities = Σ stage Opportunities | C41: SR-095 | D41: =IF(ISBLANK(C6),"",C6) | E41: =SUM(C17:C20) | F41: =IF(OR(D41="",E41=""),"",D41-E41) | G41: =0 | H41: =IF(OR(D41="",E41=""),"Not checked",IF(ABS(D41-E41)<=G41+0.000001,"Match","Mismatch"))
A42: 3 | B42: Open opportunities = Σ Salesperson Open | C42: SR-083 | D42: =IF(ISBLANK(C6),"",C6) | E42: =SUM(C25:C29) | F42: =IF(OR(D42="",E42=""),"",D42-E42) | G42: =0 | H42: =IF(OR(D42="",E42=""),"Not checked",IF(ABS(D42-E42)<=G42+0.000001,"Match","Mismatch"))
A43: 4 | B43: Open opportunities = rows in list | C43: SR-084 | D43: =IF(ISBLANK(C6),"",C6) | E43: =IF(ISBLANK(C33),"",C33) | F43: =IF(OR(D43="",E43=""),"",D43-E43) | G43: =0 | H43: =IF(OR(D43="",E43=""),"Not checked",IF(ABS(D43-E43)<=G43+0.000001,"Match","Mismatch"))
A44: 5 | B44: Pipeline value = Stage Total Value | C44: SR-087 | D44: =IF(ISBLANK(C7),"",C7) | E44: =IF(ISBLANK(D21),"",D21) | F44: =IF(OR(D44="",E44=""),"",D44-E44) | G44: =ABS(D44)*0.005 | H44: =IF(OR(D44="",E44=""),"Not checked",IF(ABS(D44-E44)<=G44+0.000001,"Match","Mismatch"))
A45: 6 | B45: Pipeline value = Σ stage Value | C45: SR-087 | D45: =IF(ISBLANK(C7),"",C7) | E45: =SUM(D17:D20) | F45: =IF(OR(D45="",E45=""),"",D45-E45) | G45: =ABS(D45)*0.005 | H45: =IF(OR(D45="",E45=""),"Not checked",IF(ABS(D45-E45)<=G45+0.000001,"Match","Mismatch"))
A46: 7 | B46: Pipeline value = Σ Salesperson Pipeline | C46: SR-088 | D46: =IF(ISBLANK(C7),"",C7) | E46: =SUM(D25:D29) | F46: =IF(OR(D46="",E46=""),"",D46-E46) | G46: =ABS(D46)*0.005 | H46: =IF(OR(D46="",E46=""),"Not checked",IF(ABS(D46-E46)<=G46+0.000001,"Match","Mismatch"))
A47: 8 | B47: Pipeline value = Σ list Value | C47: SR-089 | D47: =IF(ISBLANK(C7),"",C7) | E47: =IF(ISBLANK(C34),"",C34) | F47: =IF(OR(D47="",E47=""),"",D47-E47) | G47: =ABS(D47)*0.005 | H47: =IF(OR(D47="",E47=""),"Not checked",IF(ABS(D47-E47)<=G47+0.000001,"Match","Mismatch"))
A48: 9 | B48: Weighted pipeline = Stage Total Weighted | C48: SR-090 | D48: =IF(ISBLANK(C8),"",C8) | E48: =IF(ISBLANK(E21),"",E21) | F48: =IF(OR(D48="",E48=""),"",D48-E48) | G48: =ABS(D48)*0.005 | H48: =IF(OR(D48="",E48=""),"Not checked",IF(ABS(D48-E48)<=G48+0.000001,"Match","Mismatch"))
A49: 10 | B49: Weighted pipeline = Σ stage Weighted | C49: SR-090 | D49: =IF(ISBLANK(C8),"",C8) | E49: =SUM(E17:E20) | F49: =IF(OR(D49="",E49=""),"",D49-E49) | G49: =ABS(D49)*0.005 | H49: =IF(OR(D49="",E49=""),"Not checked",IF(ABS(D49-E49)<=G49+0.000001,"Match","Mismatch"))
A50: 11 | B50: Weighted pipeline = Σ Salesperson Weighted | C50: SR-091 | D50: =IF(ISBLANK(C8),"",C8) | E50: =SUM(E25:E29) | F50: =IF(OR(D50="",E50=""),"",D50-E50) | G50: =ABS(D50)*0.005 | H50: =IF(OR(D50="",E50=""),"Not checked",IF(ABS(D50-E50)<=G50+0.000001,"Match","Mismatch"))
A51: 12 | B51: Weighted pipeline = Σ Value × Probability | C51: SR-092 | D51: =IF(ISBLANK(C8),"",C8) | E51: =IF(ISBLANK(C35),"",C35) | F51: =IF(OR(D51="",E51=""),"",D51-E51) | G51: =ABS(D51)*0.005 | H51: =IF(OR(D51="",E51=""),"Not checked",IF(ABS(D51-E51)<=G51+0.000001,"Match","Mismatch"))
A52: 13 | B52: Σ Share of Value % = 100 | C52: SR-094 | D52: =100 | E52: =SUM(F17:F20) | F52: =IF(OR(D52="",E52=""),"",D52-E52) | G52: =0.15 | H52: =IF(OR(D52="",E52=""),"Not checked",IF(ABS(D52-E52)<=G52+0.000001,"Match","Mismatch"))
A53: 14 | B53: Share % Site Visit = Value ÷ Σ Value | C53: SR-094 | D53: =IF(ISBLANK(F17),"",F17) | E53: =IF(ISBLANK(H17),"",H17) | F53: =IF(OR(D53="",E53=""),"",D53-E53) | G53: =0.3 | H53: =IF(OR(D53="",E53=""),"Not checked",IF(ABS(D53-E53)<=G53+0.000001,"Match","Mismatch"))
A54: 15 | B54: Share % Negotiation = Value ÷ Σ Value | C54: SR-094 | D54: =IF(ISBLANK(F18),"",F18) | E54: =IF(ISBLANK(H18),"",H18) | F54: =IF(OR(D54="",E54=""),"",D54-E54) | G54: =0.3 | H54: =IF(OR(D54="",E54=""),"Not checked",IF(ABS(D54-E54)<=G54+0.000001,"Match","Mismatch"))
A55: 16 | B55: Share % Proposal = Value ÷ Σ Value | C55: SR-094 | D55: =IF(ISBLANK(F19),"",F19) | E55: =IF(ISBLANK(H19),"",H19) | F55: =IF(OR(D55="",E55=""),"",D55-E55) | G55: =0.3 | H55: =IF(OR(D55="",E55=""),"Not checked",IF(ABS(D55-E55)<=G55+0.000001,"Match","Mismatch"))
A56: 17 | B56: Share % Reservation Ready = Value ÷ Σ Value | C56: SR-094 | D56: =IF(ISBLANK(F20),"",F20) | E56: =IF(ISBLANK(H20),"",H20) | F56: =IF(OR(D56="",E56=""),"",D56-E56) | G56: =0.3 | H56: =IF(OR(D56="",E56=""),"Not checked",IF(ABS(D56-E56)<=G56+0.000001,"Match","Mismatch"))
A57: 18 | B57: Won in period = Σ Salesperson Won | C57: SR-096 | D57: =IF(ISBLANK(C9),"",C9) | E57: =SUM(F25:F29) | F57: =IF(OR(D57="",E57=""),"",D57-E57) | G57: =0 | H57: =IF(OR(D57="",E57=""),"Not checked",IF(ABS(D57-E57)<=G57+0.000001,"Match","Mismatch"))
A58: 19 | B58: Won value = Σ Salesperson Won Value | C58: SR-097 | D58: =IF(ISBLANK(C10),"",C10) | E58: =SUM(G25:G29) | F58: =IF(OR(D58="",E58=""),"",D58-E58) | G58: =ABS(D58)*0.005 | H58: =IF(OR(D58="",E58=""),"Not checked",IF(ABS(D58-E58)<=G58+0.000001,"Match","Mismatch"))
A59: 20 | B59: Win rate = ΣWon ÷ (ΣWon + ΣLost) × 100 | C59: SR-098 | D59: =IF(ISBLANK(C11),"",C11) | E59: =IF(SUM(F25:F29)+SUM(H25:H29)=0,"",SUM(F25:F29)/(SUM(F25:F29)+SUM(H25:H29))*100) | F59: =IF(OR(D59="",E59=""),"",D59-E59) | G59: =0.05 | H59: =IF(OR(D59="",E59=""),"Not checked",IF(ABS(D59-E59)<=G59+0.000001,"Match","Mismatch"))
A60: 21 | B60: Win % CRM Administrator = Won ÷ (Won + Lost) | C60: SR-099 | D60: =IF(ISBLANK(I25),"",I25) | E60: =IF(F25+H25=0,"",F25/(F25+H25)*100) | F60: =IF(OR(D60="",E60=""),"",D60-E60) | G60: =0.05 | H60: =IF(OR(D60="",E60=""),"Not checked",IF(ABS(D60-E60)<=G60+0.000001,"Match","Mismatch"))
A61: 22 | B61: Win % QA Lead Reviewer = Won ÷ (Won + Lost) | C61: SR-099 | D61: =IF(ISBLANK(I26),"",I26) | E61: =IF(F26+H26=0,"",F26/(F26+H26)*100) | F61: =IF(OR(D61="",E61=""),"",D61-E61) | G61: =0.05 | H61: =IF(OR(D61="",E61=""),"Not checked",IF(ABS(D61-E61)<=G61+0.000001,"Match","Mismatch"))
A62: 23 | B62: Win % QA Sales Manager = Won ÷ (Won + Lost) | C62: SR-099 | D62: =IF(ISBLANK(I27),"",I27) | E62: =IF(F27+H27=0,"",F27/(F27+H27)*100) | F62: =IF(OR(D62="",E62=""),"",D62-E62) | G62: =0.05 | H62: =IF(OR(D62="",E62=""),"Not checked",IF(ABS(D62-E62)<=G62+0.000001,"Match","Mismatch"))
A63: 24 | B63: Win % Mahalakshmi = Won ÷ (Won + Lost) | C63: SR-099 | D63: =IF(ISBLANK(I28),"",I28) | E63: =IF(F28+H28=0,"",F28/(F28+H28)*100) | F63: =IF(OR(D63="",E63=""),"",D63-E63) | G63: =0.05 | H63: =IF(OR(D63="",E63=""),"Not checked",IF(ABS(D63-E63)<=G63+0.000001,"Match","Mismatch"))
A64: 25 | B64: Past expected close = list rows past close date | C64: SR-100 | D64: =IF(ISBLANK(C13),"",C13) | E64: =IF(ISBLANK(C36),"",C36) | F64: =IF(OR(D64="",E64=""),"",D64-E64) | G64: =0 | H64: =IF(OR(D64="",E64=""),"Not checked",IF(ABS(D64-E64)<=G64+0.000001,"Match","Mismatch"))
A65: 26 | B65: Past expected close ≤ Open opportunities | C65: SR-100 | D65: =IF(ISBLANK(C13),"",C13) | E65: =IF(ISBLANK(C6),"",C6) | F65: =IF(OR(D65="",E65=""),"",D65-E65) | G65: Left ≤ Right | H65: =IF(OR(D65="",E65=""),"Not checked",IF(D65<=E65,"Match","Mismatch"))
A66: 27 | B66: Weighted pipeline ≤ Pipeline value | C66: SR-093 | D66: =IF(ISBLANK(C8),"",C8) | E66: =IF(ISBLANK(C7),"",C7) | F66: =IF(OR(D66="",E66=""),"",D66-E66) | G66: Left ≤ Right | H66: =IF(OR(D66="",E66=""),"Not checked",IF(D66<=E66,"Match","Mismatch"))
A67: 28 | B67: Weighted ≤ Value: Site Visit | C67: SR-093 | D67: =IF(ISBLANK(E17),"",E17) | E67: =IF(ISBLANK(D17),"",D17) | F67: =IF(OR(D67="",E67=""),"",D67-E67) | G67: Left ≤ Right | H67: =IF(OR(D67="",E67=""),"Not checked",IF(D67<=E67,"Match","Mismatch"))
A68: 29 | B68: Weighted ≤ Value: Negotiation | C68: SR-093 | D68: =IF(ISBLANK(E18),"",E18) | E68: =IF(ISBLANK(D18),"",D18) | F68: =IF(OR(D68="",E68=""),"",D68-E68) | G68: Left ≤ Right | H68: =IF(OR(D68="",E68=""),"Not checked",IF(D68<=E68,"Match","Mismatch"))
A69: 30 | B69: Weighted ≤ Value: Proposal | C69: SR-093 | D69: =IF(ISBLANK(E19),"",E19) | E69: =IF(ISBLANK(D19),"",D19) | F69: =IF(OR(D69="",E69=""),"",D69-E69) | G69: Left ≤ Right | H69: =IF(OR(D69="",E69=""),"Not checked",IF(D69<=E69,"Match","Mismatch"))
A70: 31 | B70: Weighted ≤ Value: Reservation Ready | C70: SR-093 | D70: =IF(ISBLANK(E20),"",E20) | E70: =IF(ISBLANK(D20),"",D20) | F70: =IF(OR(D70="",E70=""),"",D70-E70) | G70: Left ≤ Right | H70: =IF(OR(D70="",E70=""),"Not checked",IF(D70<=E70,"Match","Mismatch"))
A71: 32 | B71: Weighted ≤ Pipeline: CRM Administrator | C71: SR-093 | D71: =IF(ISBLANK(E25),"",E25) | E71: =IF(ISBLANK(D25),"",D25) | F71: =IF(OR(D71="",E71=""),"",D71-E71) | G71: Left ≤ Right | H71: =IF(OR(D71="",E71=""),"Not checked",IF(D71<=E71,"Match","Mismatch"))
A72: 33 | B72: Weighted ≤ Pipeline: QA Lead Reviewer | C72: SR-093 | D72: =IF(ISBLANK(E26),"",E26) | E72: =IF(ISBLANK(D26),"",D26) | F72: =IF(OR(D72="",E72=""),"",D72-E72) | G72: Left ≤ Right | H72: =IF(OR(D72="",E72=""),"Not checked",IF(D72<=E72,"Match","Mismatch"))
A73: 34 | B73: Weighted ≤ Pipeline: QA Sales Manager | C73: SR-093 | D73: =IF(ISBLANK(E27),"",E27) | E73: =IF(ISBLANK(D27),"",D27) | F73: =IF(OR(D73="",E73=""),"",D73-E73) | G73: Left ≤ Right | H73: =IF(OR(D73="",E73=""),"Not checked",IF(D73<=E73,"Match","Mismatch"))
A74: 35 | B74: Weighted ≤ Pipeline: Mahalakshmi | C74: SR-093 | D74: =IF(ISBLANK(E28),"",E28) | E74: =IF(ISBLANK(D28),"",D28) | F74: =IF(OR(D74="",E74=""),"",D74-E74) | G74: Left ≤ Right | H74: =IF(OR(D74="",E74=""),"Not checked",IF(D74<=E74,"Match","Mismatch"))

Sheet Dropdown Matrix
A1: Dropdown | B1: Label on screen | C1: Default / first option | D1: Options (expected) | E1: Source to compare with | F1: Changes | G1: Does NOT change | H1: Validation rules | I1: Related TCs
A2: Period | B2: Period (won / lost) | C2: This month (observed: Last 12 months) | D2: This month, Last month, This quarter, Last quarter, Year to date, Last 12 months, Custom dates | E2: Same list as every report module (Lead Reports LR-016) | F2: Won in period, Won value, Win rate, Average days to win; Salesperson Won / Won Value / Lost / Win % | G2: Open opportunities, Pipeline value, Weighted pipeline, Past expected close, Open Pipeline by Stage, Salesperson Open / Pipeline / Weighted, Open Opportunities list | H2: Custom dates shows From / To; From ≤ To; both dates needed; boundaries inclusive; empty range shows 0 and "—" | I2: SR-017 … SR-104 (15)
A3: Project | B3: Project | C3: All projects | D3: All projects + every project, A→Z, no duplicates / blanks | E3: Projects master; Inventory Reports › Inventory by Project | F3: Every KPI and all three tables | G3: — | H3: Rows belong to the project; projects add up to the total | I3: SR-029 … SR-043 (4)
A4: Salesperson | B4: Salesperson | C4: All salespeople | D4: All salespeople + every sales user, A→Z, same-name users distinguishable | E4: Users with a sales role; names in Salesperson Pipeline | F4: Every KPI and all three tables | G4: — | H4: Filtered KPIs = that salesperson's row; rows have that salesperson | I4: SR-032 … SR-077 (6)
A5: Broker | B5: Broker | C5: All brokers | D5: All brokers + every active broker, A→Z | E5: Broker Reports › Broker Performance | F5: Every KPI and all three tables | G5: — | H5: Brokers add up to ≤ the total (gap = direct deals) | I5: SR-035 … SR-037 (3)
A6: Campaign | B6: Campaign | C6: All campaigns | D6: All campaigns + every campaign, A→Z | E6: Marketing Reports › Campaign Performance | F6: Every KPI and all three tables | G6: — | H6: Campaigns add up to ≤ the total (gap = no campaign) | I6: SR-038 … SR-040 (3)
A7: View | B7: All / You and your team / Mine | C7: All (admin); team (manager); Mine (salesperson) | D7: All, You and your team, Mine | E7: User role and reporting line | F7: Every KPI and all three tables | G7: — | H7: All ≥ team ≥ Mine; Mine = user's row in All | I7: SR-012 … SR-108 (6)
A8: Reset filters | B8: Reset filters | C8: Disabled | D8: — | E8: — | F8: Period and the four dropdowns back to defaults | G8: View buttons (confirm) | H8: Disabled until something changes | I8: SR-051 … SR-053 (3)

Sheet Observations
A1: Obs ID | B1: Area | C1: Observation | D1: Expected / Question | E1: Suggested severity | F1: Related TC
A2: OBS-01 | B2: Period | C2: The page opens on "Last 12 months". | D2: Should open on "This month" like the hub and dashboard (workbook scenario RA-013; same as Lead OBS-01). | E2: Medium | F2: SR-018
A3: OBS-02 | B3: Open Pipeline by Stage | C3: Stages are listed Site Visit, Negotiation, Proposal, Reservation Ready. The opportunity workflow has no Proposal step, and the Opportunities page lists the stages as Qualified, Site Visit, Negotiation, Reservation Ready, Proposal. | D3: Confirm where Proposal belongs and list stages in that pipeline order. | E3: Low | F3: SR-060
A4: OBS-03 | B4: Open Pipeline by Stage | C4: Proposal has 1M USD of value but Share of Value % shows "0%" (actual 0.05%). | D4: Show "<0.1%" or two decimals so a non-zero stage never reads as 0%. | E4: Low | F4: SR-062
A5: OBS-04 | B5: Weighted pipeline | C5: Weighted ÷ Value per stage: Site Visit 90%, Negotiation 60%, Proposal 85%, Reservation Ready 75%. The earliest stage carries the highest probability, and Reservation Ready averages 75% although its listed rows show 85%. | D5: Confirm the probability comes from each opportunity (not the stage) and that Site Visit deals at ~90% are correct data. | E5: Medium | F5: SR-092
A6: OBS-05 | B6: Open Opportunities | C6: 23 of 39 open opportunities are past their expected close (oldest 17 Jun 2026, 4 months overdue), but overdue rows look the same as the others. | D6: Highlight overdue rows; data owners to update close dates. | E6: Low | F6: SR-073
A7: OBS-06 | B7: Salesperson Pipeline | C7: No Total row, while Open Pipeline by Stage has one. | D7: Add a Total row so the table can be matched against the KPIs at a glance. | E7: Low | F7: SR-067
A8: OBS-07 | B8: Formatting | C8: Amounts drop trailing zeros inconsistently ("1.1M USD", "2.5M USD", "1M USD" next to "1.12M USD", "2.59M USD"). | D8: Use a fixed number of decimals for amounts in one column. | E8: Low | F8: SR-055
A9: OBS-08 | B9: Won in period | C9: Caption says "SPA signed in the period" — Won is defined by SPA signing. | D9: Confirm Won in period / Won value must equal SPA Reports "SPAs signed in period" / "Signed value" for the same period and filters. | E9: Question | F9: SR-123
A10: OBS-09 | B10: Opportunity Detail | C10: Opening OPP-2026-0063 from the list shows EXPECTED CLOSE as "2026-06-17T00:00:00.000Z" (the list shows 17 Jun 2026). | D10: Show the date in the app format (DD Mon YYYY). | E10: Medium | F10: SR-072
A11: OBS-10 | B11: Open opportunities | C11: Sales Reports shows 39 open opportunities; the hub, the Executive Dashboard and the Opportunities page show 43 (the Opportunities page counts Qualified as open; the stage table has no Qualified row). | D11: One definition of "open" everywhere — confirm whether Qualified is part of the pipeline. | E11: High | F11: SR-118
A12: OBS-11 | B12: Pipeline value | C12: Hub shows Pipeline Value 178.94M USD and Weighted Pipeline 153.45M USD; Sales Reports shows 2.17B USD and 1.65B USD. | D12: Same open pipeline on both pages (the hub may be applying "This month" to an as-of-today figure). | E12: High | F12: SR-119
... A21: OBS-20 | B21: Performance | C21: From the test machine: page ready in 4.0 s (target 3 s), Campaign filter reload 3.6 s (target 2 s). | D21: Confirm the targets; measure from the office network. | E21: Low | F21: SR-126
